--
-- PostgreSQL database dump
--

-- Dumped from database version 12.15 (Ubuntu 12.15-1.pgdg20.04+1)
-- Dumped by pg_dump version 12.15 (Ubuntu 12.15-0ubuntu0.20.04.1)

SET statement_timeout = 0;
SET lock_timeout = 0;
SET idle_in_transaction_session_timeout = 0;
SET client_encoding = 'UTF8';
SET standard_conforming_strings = on;
SELECT pg_catalog.set_config('search_path', '', false);
SET check_function_bodies = false;
SET xmloption = content;
SET client_min_messages = warning;
SET row_security = off;

SET default_tablespace = '';

SET default_table_access_method = heap;

--
-- Name: article_articleindexbydatepage; Type: TABLE; Schema: public; Owner: productivity_lab
--

CREATE TABLE public.article_articleindexbydatepage (
    articleindexpage_ptr_id integer NOT NULL,
    filter_by_day boolean NOT NULL
);


ALTER TABLE public.article_articleindexbydatepage OWNER TO productivity_lab;

--
-- Name: article_articleindexpage; Type: TABLE; Schema: public; Owner: productivity_lab
--

CREATE TABLE public.article_articleindexpage (
    sitepage_ptr_id integer NOT NULL,
    intro jsonb NOT NULL,
    per_page smallint NOT NULL,
    display_title boolean NOT NULL,
    display_intro boolean NOT NULL,
    display_meta boolean NOT NULL,
    sidebar_placement character varying(128) NOT NULL,
    layout_style character varying(128) NOT NULL,
    listing_order character varying(128) NOT NULL,
    default_thumbnail_id bigint,
    CONSTRAINT article_articleindexpage_per_page_check CHECK ((per_page >= 0))
);


ALTER TABLE public.article_articleindexpage OWNER TO productivity_lab;

--
-- Name: article_articlepage; Type: TABLE; Schema: public; Owner: productivity_lab
--

CREATE TABLE public.article_articlepage (
    sitepage_ptr_id integer NOT NULL,
    intro jsonb NOT NULL,
    body jsonb NOT NULL,
    author character varying(255) NOT NULL,
    article_image_filterspec character varying(128) NOT NULL,
    splash_content jsonb NOT NULL,
    splash_text_align character varying(128) NOT NULL,
    splash_text_colour character varying(128) NOT NULL,
    splash_bg_colour character varying(128) NOT NULL,
    splash_border_radius integer NOT NULL,
    splash_height integer NOT NULL,
    inset_content jsonb NOT NULL,
    inset_text_align character varying(128) NOT NULL,
    inset_text_colour character varying(128) NOT NULL,
    inset_bg_colour character varying(128) NOT NULL,
    inset_border_radius integer NOT NULL,
    inset_style character varying(256) NOT NULL,
    display_title boolean NOT NULL,
    render_template character varying(128) NOT NULL,
    sidebar_placement character varying(128) NOT NULL,
    article_image_id bigint,
    splash_image_id bigint,
    thumbnail_image_id bigint
);


ALTER TABLE public.article_articlepage OWNER TO productivity_lab;

--
-- Name: auth_group; Type: TABLE; Schema: public; Owner: productivity_lab
--

CREATE TABLE public.auth_group (
    id integer NOT NULL,
    name character varying(150) NOT NULL
);


ALTER TABLE public.auth_group OWNER TO productivity_lab;

--
-- Name: auth_group_id_seq; Type: SEQUENCE; Schema: public; Owner: productivity_lab
--

ALTER TABLE public.auth_group ALTER COLUMN id ADD GENERATED BY DEFAULT AS IDENTITY (
    SEQUENCE NAME public.auth_group_id_seq
    START WITH 1
    INCREMENT BY 1
    NO MINVALUE
    NO MAXVALUE
    CACHE 1
);


--
-- Name: auth_group_permissions; Type: TABLE; Schema: public; Owner: productivity_lab
--

CREATE TABLE public.auth_group_permissions (
    id bigint NOT NULL,
    group_id integer NOT NULL,
    permission_id integer NOT NULL
);


ALTER TABLE public.auth_group_permissions OWNER TO productivity_lab;

--
-- Name: auth_group_permissions_id_seq; Type: SEQUENCE; Schema: public; Owner: productivity_lab
--

ALTER TABLE public.auth_group_permissions ALTER COLUMN id ADD GENERATED BY DEFAULT AS IDENTITY (
    SEQUENCE NAME public.auth_group_permissions_id_seq
    START WITH 1
    INCREMENT BY 1
    NO MINVALUE
    NO MAXVALUE
    CACHE 1
);


--
-- Name: auth_permission; Type: TABLE; Schema: public; Owner: productivity_lab
--

CREATE TABLE public.auth_permission (
    id integer NOT NULL,
    name character varying(255) NOT NULL,
    content_type_id integer NOT NULL,
    codename character varying(100) NOT NULL
);


ALTER TABLE public.auth_permission OWNER TO productivity_lab;

--
-- Name: auth_permission_id_seq; Type: SEQUENCE; Schema: public; Owner: productivity_lab
--

ALTER TABLE public.auth_permission ALTER COLUMN id ADD GENERATED BY DEFAULT AS IDENTITY (
    SEQUENCE NAME public.auth_permission_id_seq
    START WITH 1
    INCREMENT BY 1
    NO MINVALUE
    NO MAXVALUE
    CACHE 1
);


--
-- Name: django_admin_log; Type: TABLE; Schema: public; Owner: productivity_lab
--

CREATE TABLE public.django_admin_log (
    id integer NOT NULL,
    action_time timestamp with time zone NOT NULL,
    object_id text,
    object_repr character varying(200) NOT NULL,
    action_flag smallint NOT NULL,
    change_message text NOT NULL,
    content_type_id integer,
    user_id bigint NOT NULL,
    CONSTRAINT django_admin_log_action_flag_check CHECK ((action_flag >= 0))
);


ALTER TABLE public.django_admin_log OWNER TO productivity_lab;

--
-- Name: django_admin_log_id_seq; Type: SEQUENCE; Schema: public; Owner: productivity_lab
--

ALTER TABLE public.django_admin_log ALTER COLUMN id ADD GENERATED BY DEFAULT AS IDENTITY (
    SEQUENCE NAME public.django_admin_log_id_seq
    START WITH 1
    INCREMENT BY 1
    NO MINVALUE
    NO MAXVALUE
    CACHE 1
);


--
-- Name: django_content_type; Type: TABLE; Schema: public; Owner: productivity_lab
--

CREATE TABLE public.django_content_type (
    id integer NOT NULL,
    app_label character varying(100) NOT NULL,
    model character varying(100) NOT NULL
);


ALTER TABLE public.django_content_type OWNER TO productivity_lab;

--
-- Name: django_content_type_id_seq; Type: SEQUENCE; Schema: public; Owner: productivity_lab
--

ALTER TABLE public.django_content_type ALTER COLUMN id ADD GENERATED BY DEFAULT AS IDENTITY (
    SEQUENCE NAME public.django_content_type_id_seq
    START WITH 1
    INCREMENT BY 1
    NO MINVALUE
    NO MAXVALUE
    CACHE 1
);


--
-- Name: django_migrations; Type: TABLE; Schema: public; Owner: productivity_lab
--

CREATE TABLE public.django_migrations (
    id bigint NOT NULL,
    app character varying(255) NOT NULL,
    name character varying(255) NOT NULL,
    applied timestamp with time zone NOT NULL
);


ALTER TABLE public.django_migrations OWNER TO productivity_lab;

--
-- Name: django_migrations_id_seq; Type: SEQUENCE; Schema: public; Owner: productivity_lab
--

ALTER TABLE public.django_migrations ALTER COLUMN id ADD GENERATED BY DEFAULT AS IDENTITY (
    SEQUENCE NAME public.django_migrations_id_seq
    START WITH 1
    INCREMENT BY 1
    NO MINVALUE
    NO MAXVALUE
    CACHE 1
);


--
-- Name: django_session; Type: TABLE; Schema: public; Owner: productivity_lab
--

CREATE TABLE public.django_session (
    session_key character varying(40) NOT NULL,
    session_data text NOT NULL,
    expire_date timestamp with time zone NOT NULL
);


ALTER TABLE public.django_session OWNER TO productivity_lab;

--
-- Name: event_eventindexpage; Type: TABLE; Schema: public; Owner: productivity_lab
--

CREATE TABLE public.event_eventindexpage (
    sitepage_ptr_id integer NOT NULL,
    intro jsonb NOT NULL,
    per_page smallint NOT NULL,
    events_date_filter character varying(32) NOT NULL,
    events_date_order character varying(32) NOT NULL,
    display_title boolean NOT NULL,
    display_intro boolean NOT NULL,
    no_listing_text text NOT NULL,
    index_root_page_id integer,
    listing_image_id bigint,
    CONSTRAINT event_eventindexpage_per_page_check CHECK ((per_page >= 0))
);


ALTER TABLE public.event_eventindexpage OWNER TO productivity_lab;

--
-- Name: event_eventpage; Type: TABLE; Schema: public; Owner: productivity_lab
--

CREATE TABLE public.event_eventpage (
    sitepage_ptr_id integer NOT NULL,
    author character varying(255) NOT NULL,
    intro text NOT NULL,
    location character varying(255) NOT NULL,
    location_link character varying(200) NOT NULL,
    body jsonb NOT NULL,
    dates jsonb NOT NULL,
    event_type jsonb NOT NULL,
    start_date date NOT NULL,
    end_date date NOT NULL,
    duration integer NOT NULL,
    event_type_name character varying(255) NOT NULL,
    event_image_id bigint
);


ALTER TABLE public.event_eventpage OWNER TO productivity_lab;

--
-- Name: home_homepage; Type: TABLE; Schema: public; Owner: productivity_lab
--

CREATE TABLE public.home_homepage (
    sitepage_ptr_id integer NOT NULL,
    intro jsonb NOT NULL,
    body jsonb NOT NULL,
    splash_content jsonb NOT NULL,
    splash_text_align character varying(128) NOT NULL,
    splash_text_colour character varying(128) NOT NULL,
    splash_bg_colour character varying(128) NOT NULL,
    splash_border_radius integer NOT NULL,
    splash_height integer NOT NULL,
    inset_content jsonb NOT NULL,
    inset_text_align character varying(128) NOT NULL,
    inset_text_colour character varying(128) NOT NULL,
    inset_bg_colour character varying(128) NOT NULL,
    inset_border_radius integer NOT NULL,
    inset_style character varying(256) NOT NULL,
    display_title boolean NOT NULL,
    display_intro boolean NOT NULL,
    splash_image_id bigint
);


ALTER TABLE public.home_homepage OWNER TO productivity_lab;

--
-- Name: sitecore_carouselsnippet; Type: TABLE; Schema: public; Owner: productivity_lab
--

CREATE TABLE public.sitecore_carouselsnippet (
    id bigint NOT NULL,
    title character varying(512) NOT NULL,
    display_title boolean NOT NULL,
    title_colour character varying(128) NOT NULL,
    title_align character varying(128) NOT NULL,
    animate boolean NOT NULL,
    ride boolean NOT NULL,
    crossfade boolean NOT NULL,
    "interval" integer NOT NULL,
    pause boolean NOT NULL,
    wrap boolean NOT NULL,
    show_controls boolean NOT NULL,
    show_indicators boolean NOT NULL,
    slides jsonb
);


ALTER TABLE public.sitecore_carouselsnippet OWNER TO productivity_lab;

--
-- Name: sitecore_carouselsnippet_id_seq; Type: SEQUENCE; Schema: public; Owner: productivity_lab
--

ALTER TABLE public.sitecore_carouselsnippet ALTER COLUMN id ADD GENERATED BY DEFAULT AS IDENTITY (
    SEQUENCE NAME public.sitecore_carouselsnippet_id_seq
    START WITH 1
    INCREMENT BY 1
    NO MINVALUE
    NO MAXVALUE
    CACHE 1
);


--
-- Name: sitecore_emailsettings; Type: TABLE; Schema: public; Owner: productivity_lab
--

CREATE TABLE public.sitecore_emailsettings (
    id bigint NOT NULL,
    from_email character varying(512) NOT NULL,
    approval_email_subject character varying(256) NOT NULL,
    approval_email_content text NOT NULL,
    site_id integer NOT NULL
);


ALTER TABLE public.sitecore_emailsettings OWNER TO productivity_lab;

--
-- Name: sitecore_emailsettings_id_seq; Type: SEQUENCE; Schema: public; Owner: productivity_lab
--

ALTER TABLE public.sitecore_emailsettings ALTER COLUMN id ADD GENERATED BY DEFAULT AS IDENTITY (
    SEQUENCE NAME public.sitecore_emailsettings_id_seq
    START WITH 1
    INCREMENT BY 1
    NO MINVALUE
    NO MAXVALUE
    CACHE 1
);


--
-- Name: sitecore_iconcarddecksnippet; Type: TABLE; Schema: public; Owner: productivity_lab
--

CREATE TABLE public.sitecore_iconcarddecksnippet (
    id bigint NOT NULL,
    title character varying(512) NOT NULL,
    text_align character varying(128) NOT NULL,
    text_colour character varying(128) NOT NULL,
    bg_colour character varying(128) NOT NULL,
    border_colour character varying(128) NOT NULL,
    icon_size double precision NOT NULL,
    icon_size_unit character varying(128) NOT NULL,
    button_colour character varying(128) NOT NULL,
    button_size character varying(128) NOT NULL,
    display_title boolean NOT NULL,
    cards jsonb NOT NULL
);


ALTER TABLE public.sitecore_iconcarddecksnippet OWNER TO productivity_lab;

--
-- Name: sitecore_iconcarddecksnippet_id_seq; Type: SEQUENCE; Schema: public; Owner: productivity_lab
--

ALTER TABLE public.sitecore_iconcarddecksnippet ALTER COLUMN id ADD GENERATED BY DEFAULT AS IDENTITY (
    SEQUENCE NAME public.sitecore_iconcarddecksnippet_id_seq
    START WITH 1
    INCREMENT BY 1
    NO MINVALUE
    NO MAXVALUE
    CACHE 1
);


--
-- Name: sitecore_siteimage; Type: TABLE; Schema: public; Owner: productivity_lab
--

CREATE TABLE public.sitecore_siteimage (
    id bigint NOT NULL,
    title character varying(255) NOT NULL,
    file character varying(100) NOT NULL,
    width integer NOT NULL,
    height integer NOT NULL,
    created_at timestamp with time zone NOT NULL,
    focal_point_x integer,
    focal_point_y integer,
    focal_point_width integer,
    focal_point_height integer,
    file_size integer,
    file_hash character varying(40) NOT NULL,
    alt_text character varying(1024) NOT NULL,
    caption character varying(1024) NOT NULL,
    collection_id integer NOT NULL,
    uploaded_by_user_id bigint,
    CONSTRAINT sitecore_siteimage_file_size_check CHECK ((file_size >= 0)),
    CONSTRAINT sitecore_siteimage_focal_point_height_check CHECK ((focal_point_height >= 0)),
    CONSTRAINT sitecore_siteimage_focal_point_width_check CHECK ((focal_point_width >= 0)),
    CONSTRAINT sitecore_siteimage_focal_point_x_check CHECK ((focal_point_x >= 0)),
    CONSTRAINT sitecore_siteimage_focal_point_y_check CHECK ((focal_point_y >= 0))
);


ALTER TABLE public.sitecore_siteimage OWNER TO productivity_lab;

--
-- Name: sitecore_siteimage_id_seq; Type: SEQUENCE; Schema: public; Owner: productivity_lab
--

ALTER TABLE public.sitecore_siteimage ALTER COLUMN id ADD GENERATED BY DEFAULT AS IDENTITY (
    SEQUENCE NAME public.sitecore_siteimage_id_seq
    START WITH 1
    INCREMENT BY 1
    NO MINVALUE
    NO MAXVALUE
    CACHE 1
);


--
-- Name: sitecore_sitepage; Type: TABLE; Schema: public; Owner: productivity_lab
--

CREATE TABLE public.sitecore_sitepage (
    page_ptr_id integer NOT NULL,
    menu_label character varying(32) NOT NULL
);


ALTER TABLE public.sitecore_sitepage OWNER TO productivity_lab;

--
-- Name: sitecore_sitepagetags; Type: TABLE; Schema: public; Owner: productivity_lab
--

CREATE TABLE public.sitecore_sitepagetags (
    id bigint NOT NULL,
    content_object_id integer NOT NULL,
    tag_id integer NOT NULL
);


ALTER TABLE public.sitecore_sitepagetags OWNER TO productivity_lab;

--
-- Name: sitecore_sitepagetags_id_seq; Type: SEQUENCE; Schema: public; Owner: productivity_lab
--

ALTER TABLE public.sitecore_sitepagetags ALTER COLUMN id ADD GENERATED BY DEFAULT AS IDENTITY (
    SEQUENCE NAME public.sitecore_sitepagetags_id_seq
    START WITH 1
    INCREMENT BY 1
    NO MINVALUE
    NO MAXVALUE
    CACHE 1
);


--
-- Name: sitecore_siterendition; Type: TABLE; Schema: public; Owner: productivity_lab
--

CREATE TABLE public.sitecore_siterendition (
    id bigint NOT NULL,
    filter_spec character varying(255) NOT NULL,
    file character varying(100) NOT NULL,
    width integer NOT NULL,
    height integer NOT NULL,
    focal_point_key character varying(16) NOT NULL,
    image_id bigint NOT NULL
);


ALTER TABLE public.sitecore_siterendition OWNER TO productivity_lab;

--
-- Name: sitecore_siterendition_id_seq; Type: SEQUENCE; Schema: public; Owner: productivity_lab
--

ALTER TABLE public.sitecore_siterendition ALTER COLUMN id ADD GENERATED BY DEFAULT AS IDENTITY (
    SEQUENCE NAME public.sitecore_siterendition_id_seq
    START WITH 1
    INCREMENT BY 1
    NO MINVALUE
    NO MAXVALUE
    CACHE 1
);


--
-- Name: sitecore_sitesearchindexpage; Type: TABLE; Schema: public; Owner: productivity_lab
--

CREATE TABLE public.sitecore_sitesearchindexpage (
    sitepage_ptr_id integer NOT NULL,
    intro jsonb NOT NULL,
    per_page smallint NOT NULL,
    display_title boolean NOT NULL,
    display_intro boolean NOT NULL,
    sidebar_placement character varying(128) NOT NULL,
    CONSTRAINT sitecore_sitesearchindexpage_per_page_check CHECK ((per_page >= 0))
);


ALTER TABLE public.sitecore_sitesearchindexpage OWNER TO productivity_lab;

--
-- Name: sitecore_sitesettings; Type: TABLE; Schema: public; Owner: productivity_lab
--

CREATE TABLE public.sitecore_sitesettings (
    id bigint NOT NULL,
    bootstrap_theme character varying(32) NOT NULL,
    code_theme character varying(32) NOT NULL,
    brand_icon character varying(64) NOT NULL,
    brand_name character varying(64) NOT NULL,
    brand_link character varying(200) NOT NULL,
    navbar_expand character varying(2) NOT NULL,
    navbar_text_colour_mode character varying(16) NOT NULL,
    navbar_background_colour character varying(32) NOT NULL,
    navbar_outer_class character varying(32) NOT NULL,
    twitter character varying(128) NOT NULL,
    social_share boolean NOT NULL,
    ga_tracking_id character varying(32) NOT NULL,
    meta_description character varying(1024) NOT NULL,
    meta_keywords character varying(1024) NOT NULL,
    meta_author character varying(1024) NOT NULL,
    password_text text NOT NULL,
    brand_logo_id bigint,
    password_image_id bigint,
    site_id integer NOT NULL
);


ALTER TABLE public.sitecore_sitesettings OWNER TO productivity_lab;

--
-- Name: sitecore_sitesettings_id_seq; Type: SEQUENCE; Schema: public; Owner: productivity_lab
--

ALTER TABLE public.sitecore_sitesettings ALTER COLUMN id ADD GENERATED BY DEFAULT AS IDENTITY (
    SEQUENCE NAME public.sitecore_sitesettings_id_seq
    START WITH 1
    INCREMENT BY 1
    NO MINVALUE
    NO MAXVALUE
    CACHE 1
);


--
-- Name: sitecore_sitetagindexpage; Type: TABLE; Schema: public; Owner: productivity_lab
--

CREATE TABLE public.sitecore_sitetagindexpage (
    sitepage_ptr_id integer NOT NULL,
    intro jsonb NOT NULL,
    per_page smallint NOT NULL,
    display_title boolean NOT NULL,
    display_intro boolean NOT NULL,
    sidebar_placement character varying(128) NOT NULL,
    CONSTRAINT sitecore_sitetagindexpage_per_page_check CHECK ((per_page >= 0))
);


ALTER TABLE public.sitecore_sitetagindexpage OWNER TO productivity_lab;

--
-- Name: sitecore_textsnippet; Type: TABLE; Schema: public; Owner: productivity_lab
--

CREATE TABLE public.sitecore_textsnippet (
    id bigint NOT NULL,
    title character varying(4096) NOT NULL,
    text text NOT NULL
);


ALTER TABLE public.sitecore_textsnippet OWNER TO productivity_lab;

--
-- Name: sitecore_textsnippet_id_seq; Type: SEQUENCE; Schema: public; Owner: productivity_lab
--

ALTER TABLE public.sitecore_textsnippet ALTER COLUMN id ADD GENERATED BY DEFAULT AS IDENTITY (
    SEQUENCE NAME public.sitecore_textsnippet_id_seq
    START WITH 1
    INCREMENT BY 1
    NO MINVALUE
    NO MAXVALUE
    CACHE 1
);


--
-- Name: sitecore_textsnippettag; Type: TABLE; Schema: public; Owner: productivity_lab
--

CREATE TABLE public.sitecore_textsnippettag (
    id bigint NOT NULL,
    content_object_id bigint NOT NULL,
    tag_id integer NOT NULL
);


ALTER TABLE public.sitecore_textsnippettag OWNER TO productivity_lab;

--
-- Name: sitecore_textsnippettag_id_seq; Type: SEQUENCE; Schema: public; Owner: productivity_lab
--

ALTER TABLE public.sitecore_textsnippettag ALTER COLUMN id ADD GENERATED BY DEFAULT AS IDENTITY (
    SEQUENCE NAME public.sitecore_textsnippettag_id_seq
    START WITH 1
    INCREMENT BY 1
    NO MINVALUE
    NO MAXVALUE
    CACHE 1
);


--
-- Name: siteuser_user; Type: TABLE; Schema: public; Owner: productivity_lab
--

CREATE TABLE public.siteuser_user (
    id bigint NOT NULL,
    password character varying(128) NOT NULL,
    last_login timestamp with time zone,
    is_superuser boolean NOT NULL,
    username character varying(150) NOT NULL,
    first_name character varying(150) NOT NULL,
    last_name character varying(150) NOT NULL,
    email character varying(254) NOT NULL,
    is_staff boolean NOT NULL,
    is_active boolean NOT NULL,
    date_joined timestamp with time zone NOT NULL,
    bio text NOT NULL,
    team character varying(255) NOT NULL,
    job_title character varying(255) NOT NULL,
    country character varying(255) NOT NULL,
    twitter character varying(128) NOT NULL,
    receive_submission_notify_email boolean NOT NULL
);


ALTER TABLE public.siteuser_user OWNER TO productivity_lab;

--
-- Name: siteuser_user_groups; Type: TABLE; Schema: public; Owner: productivity_lab
--

CREATE TABLE public.siteuser_user_groups (
    id bigint NOT NULL,
    user_id bigint NOT NULL,
    group_id integer NOT NULL
);


ALTER TABLE public.siteuser_user_groups OWNER TO productivity_lab;

--
-- Name: siteuser_user_groups_id_seq; Type: SEQUENCE; Schema: public; Owner: productivity_lab
--

ALTER TABLE public.siteuser_user_groups ALTER COLUMN id ADD GENERATED BY DEFAULT AS IDENTITY (
    SEQUENCE NAME public.siteuser_user_groups_id_seq
    START WITH 1
    INCREMENT BY 1
    NO MINVALUE
    NO MAXVALUE
    CACHE 1
);


--
-- Name: siteuser_user_id_seq; Type: SEQUENCE; Schema: public; Owner: productivity_lab
--

ALTER TABLE public.siteuser_user ALTER COLUMN id ADD GENERATED BY DEFAULT AS IDENTITY (
    SEQUENCE NAME public.siteuser_user_id_seq
    START WITH 1
    INCREMENT BY 1
    NO MINVALUE
    NO MAXVALUE
    CACHE 1
);


--
-- Name: siteuser_user_user_permissions; Type: TABLE; Schema: public; Owner: productivity_lab
--

CREATE TABLE public.siteuser_user_user_permissions (
    id bigint NOT NULL,
    user_id bigint NOT NULL,
    permission_id integer NOT NULL
);


ALTER TABLE public.siteuser_user_user_permissions OWNER TO productivity_lab;

--
-- Name: siteuser_user_user_permissions_id_seq; Type: SEQUENCE; Schema: public; Owner: productivity_lab
--

ALTER TABLE public.siteuser_user_user_permissions ALTER COLUMN id ADD GENERATED BY DEFAULT AS IDENTITY (
    SEQUENCE NAME public.siteuser_user_user_permissions_id_seq
    START WITH 1
    INCREMENT BY 1
    NO MINVALUE
    NO MAXVALUE
    CACHE 1
);


--
-- Name: taggit_tag; Type: TABLE; Schema: public; Owner: productivity_lab
--

CREATE TABLE public.taggit_tag (
    id integer NOT NULL,
    name character varying(100) NOT NULL,
    slug character varying(100) NOT NULL
);


ALTER TABLE public.taggit_tag OWNER TO productivity_lab;

--
-- Name: taggit_tag_id_seq; Type: SEQUENCE; Schema: public; Owner: productivity_lab
--

ALTER TABLE public.taggit_tag ALTER COLUMN id ADD GENERATED BY DEFAULT AS IDENTITY (
    SEQUENCE NAME public.taggit_tag_id_seq
    START WITH 1
    INCREMENT BY 1
    NO MINVALUE
    NO MAXVALUE
    CACHE 1
);


--
-- Name: taggit_taggeditem; Type: TABLE; Schema: public; Owner: productivity_lab
--

CREATE TABLE public.taggit_taggeditem (
    id integer NOT NULL,
    object_id integer NOT NULL,
    content_type_id integer NOT NULL,
    tag_id integer NOT NULL
);


ALTER TABLE public.taggit_taggeditem OWNER TO productivity_lab;

--
-- Name: taggit_taggeditem_id_seq; Type: SEQUENCE; Schema: public; Owner: productivity_lab
--

ALTER TABLE public.taggit_taggeditem ALTER COLUMN id ADD GENERATED BY DEFAULT AS IDENTITY (
    SEQUENCE NAME public.taggit_taggeditem_id_seq
    START WITH 1
    INCREMENT BY 1
    NO MINVALUE
    NO MAXVALUE
    CACHE 1
);


--
-- Name: wagtailadmin_admin; Type: TABLE; Schema: public; Owner: productivity_lab
--

CREATE TABLE public.wagtailadmin_admin (
    id integer NOT NULL
);


ALTER TABLE public.wagtailadmin_admin OWNER TO productivity_lab;

--
-- Name: wagtailadmin_admin_id_seq; Type: SEQUENCE; Schema: public; Owner: productivity_lab
--

ALTER TABLE public.wagtailadmin_admin ALTER COLUMN id ADD GENERATED BY DEFAULT AS IDENTITY (
    SEQUENCE NAME public.wagtailadmin_admin_id_seq
    START WITH 1
    INCREMENT BY 1
    NO MINVALUE
    NO MAXVALUE
    CACHE 1
);


--
-- Name: wagtailcore_collection; Type: TABLE; Schema: public; Owner: productivity_lab
--

CREATE TABLE public.wagtailcore_collection (
    id integer NOT NULL,
    path character varying(255) NOT NULL COLLATE pg_catalog."C",
    depth integer NOT NULL,
    numchild integer NOT NULL,
    name character varying(255) NOT NULL,
    CONSTRAINT wagtailcore_collection_depth_check CHECK ((depth >= 0)),
    CONSTRAINT wagtailcore_collection_numchild_check CHECK ((numchild >= 0))
);


ALTER TABLE public.wagtailcore_collection OWNER TO productivity_lab;

--
-- Name: wagtailcore_collection_id_seq; Type: SEQUENCE; Schema: public; Owner: productivity_lab
--

ALTER TABLE public.wagtailcore_collection ALTER COLUMN id ADD GENERATED BY DEFAULT AS IDENTITY (
    SEQUENCE NAME public.wagtailcore_collection_id_seq
    START WITH 1
    INCREMENT BY 1
    NO MINVALUE
    NO MAXVALUE
    CACHE 1
);


--
-- Name: wagtailcore_collectionviewrestriction; Type: TABLE; Schema: public; Owner: productivity_lab
--

CREATE TABLE public.wagtailcore_collectionviewrestriction (
    id integer NOT NULL,
    restriction_type character varying(20) NOT NULL,
    password character varying(255) NOT NULL,
    collection_id integer NOT NULL
);


ALTER TABLE public.wagtailcore_collectionviewrestriction OWNER TO productivity_lab;

--
-- Name: wagtailcore_collectionviewrestriction_groups; Type: TABLE; Schema: public; Owner: productivity_lab
--

CREATE TABLE public.wagtailcore_collectionviewrestriction_groups (
    id bigint NOT NULL,
    collectionviewrestriction_id integer NOT NULL,
    group_id integer NOT NULL
);


ALTER TABLE public.wagtailcore_collectionviewrestriction_groups OWNER TO productivity_lab;

--
-- Name: wagtailcore_collectionviewrestriction_groups_id_seq; Type: SEQUENCE; Schema: public; Owner: productivity_lab
--

ALTER TABLE public.wagtailcore_collectionviewrestriction_groups ALTER COLUMN id ADD GENERATED BY DEFAULT AS IDENTITY (
    SEQUENCE NAME public.wagtailcore_collectionviewrestriction_groups_id_seq
    START WITH 1
    INCREMENT BY 1
    NO MINVALUE
    NO MAXVALUE
    CACHE 1
);


--
-- Name: wagtailcore_collectionviewrestriction_id_seq; Type: SEQUENCE; Schema: public; Owner: productivity_lab
--

ALTER TABLE public.wagtailcore_collectionviewrestriction ALTER COLUMN id ADD GENERATED BY DEFAULT AS IDENTITY (
    SEQUENCE NAME public.wagtailcore_collectionviewrestriction_id_seq
    START WITH 1
    INCREMENT BY 1
    NO MINVALUE
    NO MAXVALUE
    CACHE 1
);


--
-- Name: wagtailcore_comment; Type: TABLE; Schema: public; Owner: productivity_lab
--

CREATE TABLE public.wagtailcore_comment (
    id integer NOT NULL,
    text text NOT NULL,
    contentpath text NOT NULL,
    "position" text NOT NULL,
    created_at timestamp with time zone NOT NULL,
    updated_at timestamp with time zone NOT NULL,
    resolved_at timestamp with time zone,
    page_id integer NOT NULL,
    resolved_by_id bigint,
    revision_created_id integer,
    user_id bigint NOT NULL
);


ALTER TABLE public.wagtailcore_comment OWNER TO productivity_lab;

--
-- Name: wagtailcore_comment_id_seq; Type: SEQUENCE; Schema: public; Owner: productivity_lab
--

ALTER TABLE public.wagtailcore_comment ALTER COLUMN id ADD GENERATED BY DEFAULT AS IDENTITY (
    SEQUENCE NAME public.wagtailcore_comment_id_seq
    START WITH 1
    INCREMENT BY 1
    NO MINVALUE
    NO MAXVALUE
    CACHE 1
);


--
-- Name: wagtailcore_commentreply; Type: TABLE; Schema: public; Owner: productivity_lab
--

CREATE TABLE public.wagtailcore_commentreply (
    id integer NOT NULL,
    text text NOT NULL,
    created_at timestamp with time zone NOT NULL,
    updated_at timestamp with time zone NOT NULL,
    comment_id integer NOT NULL,
    user_id bigint NOT NULL
);


ALTER TABLE public.wagtailcore_commentreply OWNER TO productivity_lab;

--
-- Name: wagtailcore_commentreply_id_seq; Type: SEQUENCE; Schema: public; Owner: productivity_lab
--

ALTER TABLE public.wagtailcore_commentreply ALTER COLUMN id ADD GENERATED BY DEFAULT AS IDENTITY (
    SEQUENCE NAME public.wagtailcore_commentreply_id_seq
    START WITH 1
    INCREMENT BY 1
    NO MINVALUE
    NO MAXVALUE
    CACHE 1
);


--
-- Name: wagtailcore_groupapprovaltask; Type: TABLE; Schema: public; Owner: productivity_lab
--

CREATE TABLE public.wagtailcore_groupapprovaltask (
    task_ptr_id integer NOT NULL
);


ALTER TABLE public.wagtailcore_groupapprovaltask OWNER TO productivity_lab;

--
-- Name: wagtailcore_groupapprovaltask_groups; Type: TABLE; Schema: public; Owner: productivity_lab
--

CREATE TABLE public.wagtailcore_groupapprovaltask_groups (
    id bigint NOT NULL,
    groupapprovaltask_id integer NOT NULL,
    group_id integer NOT NULL
);


ALTER TABLE public.wagtailcore_groupapprovaltask_groups OWNER TO productivity_lab;

--
-- Name: wagtailcore_groupapprovaltask_groups_id_seq; Type: SEQUENCE; Schema: public; Owner: productivity_lab
--

ALTER TABLE public.wagtailcore_groupapprovaltask_groups ALTER COLUMN id ADD GENERATED BY DEFAULT AS IDENTITY (
    SEQUENCE NAME public.wagtailcore_groupapprovaltask_groups_id_seq
    START WITH 1
    INCREMENT BY 1
    NO MINVALUE
    NO MAXVALUE
    CACHE 1
);


--
-- Name: wagtailcore_groupcollectionpermission; Type: TABLE; Schema: public; Owner: productivity_lab
--

CREATE TABLE public.wagtailcore_groupcollectionpermission (
    id integer NOT NULL,
    collection_id integer NOT NULL,
    group_id integer NOT NULL,
    permission_id integer NOT NULL
);


ALTER TABLE public.wagtailcore_groupcollectionpermission OWNER TO productivity_lab;

--
-- Name: wagtailcore_groupcollectionpermission_id_seq; Type: SEQUENCE; Schema: public; Owner: productivity_lab
--

ALTER TABLE public.wagtailcore_groupcollectionpermission ALTER COLUMN id ADD GENERATED BY DEFAULT AS IDENTITY (
    SEQUENCE NAME public.wagtailcore_groupcollectionpermission_id_seq
    START WITH 1
    INCREMENT BY 1
    NO MINVALUE
    NO MAXVALUE
    CACHE 1
);


--
-- Name: wagtailcore_grouppagepermission; Type: TABLE; Schema: public; Owner: productivity_lab
--

CREATE TABLE public.wagtailcore_grouppagepermission (
    id integer NOT NULL,
    permission_type character varying(20),
    group_id integer NOT NULL,
    page_id integer NOT NULL,
    permission_id integer,
    CONSTRAINT permission_or_permission_type_not_null CHECK (((permission_id IS NOT NULL) OR ((permission_type)::text IS NOT NULL)))
);


ALTER TABLE public.wagtailcore_grouppagepermission OWNER TO productivity_lab;

--
-- Name: wagtailcore_grouppagepermission_id_seq; Type: SEQUENCE; Schema: public; Owner: productivity_lab
--

ALTER TABLE public.wagtailcore_grouppagepermission ALTER COLUMN id ADD GENERATED BY DEFAULT AS IDENTITY (
    SEQUENCE NAME public.wagtailcore_grouppagepermission_id_seq
    START WITH 1
    INCREMENT BY 1
    NO MINVALUE
    NO MAXVALUE
    CACHE 1
);


--
-- Name: wagtailcore_locale; Type: TABLE; Schema: public; Owner: productivity_lab
--

CREATE TABLE public.wagtailcore_locale (
    id integer NOT NULL,
    language_code character varying(100) NOT NULL
);


ALTER TABLE public.wagtailcore_locale OWNER TO productivity_lab;

--
-- Name: wagtailcore_locale_id_seq; Type: SEQUENCE; Schema: public; Owner: productivity_lab
--

ALTER TABLE public.wagtailcore_locale ALTER COLUMN id ADD GENERATED BY DEFAULT AS IDENTITY (
    SEQUENCE NAME public.wagtailcore_locale_id_seq
    START WITH 1
    INCREMENT BY 1
    NO MINVALUE
    NO MAXVALUE
    CACHE 1
);


--
-- Name: wagtailcore_modellogentry; Type: TABLE; Schema: public; Owner: productivity_lab
--

CREATE TABLE public.wagtailcore_modellogentry (
    id integer NOT NULL,
    label text NOT NULL,
    action character varying(255) NOT NULL,
    data jsonb NOT NULL,
    "timestamp" timestamp with time zone NOT NULL,
    content_changed boolean NOT NULL,
    deleted boolean NOT NULL,
    object_id character varying(255) NOT NULL,
    content_type_id integer,
    user_id bigint,
    uuid uuid,
    revision_id integer
);


ALTER TABLE public.wagtailcore_modellogentry OWNER TO productivity_lab;

--
-- Name: wagtailcore_modellogentry_id_seq; Type: SEQUENCE; Schema: public; Owner: productivity_lab
--

ALTER TABLE public.wagtailcore_modellogentry ALTER COLUMN id ADD GENERATED BY DEFAULT AS IDENTITY (
    SEQUENCE NAME public.wagtailcore_modellogentry_id_seq
    START WITH 1
    INCREMENT BY 1
    NO MINVALUE
    NO MAXVALUE
    CACHE 1
);


--
-- Name: wagtailcore_page; Type: TABLE; Schema: public; Owner: productivity_lab
--

CREATE TABLE public.wagtailcore_page (
    id integer NOT NULL,
    path character varying(255) NOT NULL COLLATE pg_catalog."C",
    depth integer NOT NULL,
    numchild integer NOT NULL,
    title character varying(255) NOT NULL,
    slug character varying(255) NOT NULL,
    live boolean NOT NULL,
    has_unpublished_changes boolean NOT NULL,
    url_path text NOT NULL,
    seo_title character varying(255) NOT NULL,
    show_in_menus boolean NOT NULL,
    search_description text NOT NULL,
    go_live_at timestamp with time zone,
    expire_at timestamp with time zone,
    expired boolean NOT NULL,
    content_type_id integer NOT NULL,
    owner_id bigint,
    locked boolean NOT NULL,
    latest_revision_created_at timestamp with time zone,
    first_published_at timestamp with time zone,
    live_revision_id integer,
    last_published_at timestamp with time zone,
    draft_title character varying(255) NOT NULL,
    locked_at timestamp with time zone,
    locked_by_id bigint,
    translation_key uuid NOT NULL,
    locale_id integer NOT NULL,
    alias_of_id integer,
    latest_revision_id integer,
    CONSTRAINT wagtailcore_page_depth_check CHECK ((depth >= 0)),
    CONSTRAINT wagtailcore_page_numchild_check CHECK ((numchild >= 0))
);


ALTER TABLE public.wagtailcore_page OWNER TO productivity_lab;

--
-- Name: wagtailcore_page_id_seq; Type: SEQUENCE; Schema: public; Owner: productivity_lab
--

ALTER TABLE public.wagtailcore_page ALTER COLUMN id ADD GENERATED BY DEFAULT AS IDENTITY (
    SEQUENCE NAME public.wagtailcore_page_id_seq
    START WITH 1
    INCREMENT BY 1
    NO MINVALUE
    NO MAXVALUE
    CACHE 1
);


--
-- Name: wagtailcore_pagelogentry; Type: TABLE; Schema: public; Owner: productivity_lab
--

CREATE TABLE public.wagtailcore_pagelogentry (
    id integer NOT NULL,
    label text NOT NULL,
    action character varying(255) NOT NULL,
    data jsonb NOT NULL,
    "timestamp" timestamp with time zone NOT NULL,
    content_changed boolean NOT NULL,
    deleted boolean NOT NULL,
    content_type_id integer,
    page_id integer NOT NULL,
    revision_id integer,
    user_id bigint,
    uuid uuid
);


ALTER TABLE public.wagtailcore_pagelogentry OWNER TO productivity_lab;

--
-- Name: wagtailcore_pagelogentry_id_seq; Type: SEQUENCE; Schema: public; Owner: productivity_lab
--

ALTER TABLE public.wagtailcore_pagelogentry ALTER COLUMN id ADD GENERATED BY DEFAULT AS IDENTITY (
    SEQUENCE NAME public.wagtailcore_pagelogentry_id_seq
    START WITH 1
    INCREMENT BY 1
    NO MINVALUE
    NO MAXVALUE
    CACHE 1
);


--
-- Name: wagtailcore_revision; Type: TABLE; Schema: public; Owner: productivity_lab
--

CREATE TABLE public.wagtailcore_revision (
    id integer NOT NULL,
    submitted_for_moderation boolean NOT NULL,
    created_at timestamp with time zone NOT NULL,
    content jsonb NOT NULL,
    approved_go_live_at timestamp with time zone,
    object_id character varying(255) NOT NULL,
    user_id bigint,
    content_type_id integer NOT NULL,
    base_content_type_id integer NOT NULL,
    object_str text NOT NULL
);


ALTER TABLE public.wagtailcore_revision OWNER TO productivity_lab;

--
-- Name: wagtailcore_pagerevision_id_seq; Type: SEQUENCE; Schema: public; Owner: productivity_lab
--

ALTER TABLE public.wagtailcore_revision ALTER COLUMN id ADD GENERATED BY DEFAULT AS IDENTITY (
    SEQUENCE NAME public.wagtailcore_pagerevision_id_seq
    START WITH 1
    INCREMENT BY 1
    NO MINVALUE
    NO MAXVALUE
    CACHE 1
);


--
-- Name: wagtailcore_pagesubscription; Type: TABLE; Schema: public; Owner: productivity_lab
--

CREATE TABLE public.wagtailcore_pagesubscription (
    id integer NOT NULL,
    comment_notifications boolean NOT NULL,
    page_id integer NOT NULL,
    user_id bigint NOT NULL
);


ALTER TABLE public.wagtailcore_pagesubscription OWNER TO productivity_lab;

--
-- Name: wagtailcore_pagesubscription_id_seq; Type: SEQUENCE; Schema: public; Owner: productivity_lab
--

ALTER TABLE public.wagtailcore_pagesubscription ALTER COLUMN id ADD GENERATED BY DEFAULT AS IDENTITY (
    SEQUENCE NAME public.wagtailcore_pagesubscription_id_seq
    START WITH 1
    INCREMENT BY 1
    NO MINVALUE
    NO MAXVALUE
    CACHE 1
);


--
-- Name: wagtailcore_pageviewrestriction; Type: TABLE; Schema: public; Owner: productivity_lab
--

CREATE TABLE public.wagtailcore_pageviewrestriction (
    id integer NOT NULL,
    password character varying(255) NOT NULL,
    page_id integer NOT NULL,
    restriction_type character varying(20) NOT NULL
);


ALTER TABLE public.wagtailcore_pageviewrestriction OWNER TO productivity_lab;

--
-- Name: wagtailcore_pageviewrestriction_groups; Type: TABLE; Schema: public; Owner: productivity_lab
--

CREATE TABLE public.wagtailcore_pageviewrestriction_groups (
    id bigint NOT NULL,
    pageviewrestriction_id integer NOT NULL,
    group_id integer NOT NULL
);


ALTER TABLE public.wagtailcore_pageviewrestriction_groups OWNER TO productivity_lab;

--
-- Name: wagtailcore_pageviewrestriction_groups_id_seq; Type: SEQUENCE; Schema: public; Owner: productivity_lab
--

ALTER TABLE public.wagtailcore_pageviewrestriction_groups ALTER COLUMN id ADD GENERATED BY DEFAULT AS IDENTITY (
    SEQUENCE NAME public.wagtailcore_pageviewrestriction_groups_id_seq
    START WITH 1
    INCREMENT BY 1
    NO MINVALUE
    NO MAXVALUE
    CACHE 1
);


--
-- Name: wagtailcore_pageviewrestriction_id_seq; Type: SEQUENCE; Schema: public; Owner: productivity_lab
--

ALTER TABLE public.wagtailcore_pageviewrestriction ALTER COLUMN id ADD GENERATED BY DEFAULT AS IDENTITY (
    SEQUENCE NAME public.wagtailcore_pageviewrestriction_id_seq
    START WITH 1
    INCREMENT BY 1
    NO MINVALUE
    NO MAXVALUE
    CACHE 1
);


--
-- Name: wagtailcore_referenceindex; Type: TABLE; Schema: public; Owner: productivity_lab
--

CREATE TABLE public.wagtailcore_referenceindex (
    id integer NOT NULL,
    object_id character varying(255) NOT NULL,
    to_object_id character varying(255) NOT NULL,
    model_path text NOT NULL,
    content_path text NOT NULL,
    content_path_hash uuid NOT NULL,
    base_content_type_id integer NOT NULL,
    content_type_id integer NOT NULL,
    to_content_type_id integer NOT NULL
);


ALTER TABLE public.wagtailcore_referenceindex OWNER TO productivity_lab;

--
-- Name: wagtailcore_referenceindex_id_seq; Type: SEQUENCE; Schema: public; Owner: productivity_lab
--

ALTER TABLE public.wagtailcore_referenceindex ALTER COLUMN id ADD GENERATED BY DEFAULT AS IDENTITY (
    SEQUENCE NAME public.wagtailcore_referenceindex_id_seq
    START WITH 1
    INCREMENT BY 1
    NO MINVALUE
    NO MAXVALUE
    CACHE 1
);


--
-- Name: wagtailcore_site; Type: TABLE; Schema: public; Owner: productivity_lab
--

CREATE TABLE public.wagtailcore_site (
    id integer NOT NULL,
    hostname character varying(255) NOT NULL,
    port integer NOT NULL,
    is_default_site boolean NOT NULL,
    root_page_id integer NOT NULL,
    site_name character varying(255) NOT NULL
);


ALTER TABLE public.wagtailcore_site OWNER TO productivity_lab;

--
-- Name: wagtailcore_site_id_seq; Type: SEQUENCE; Schema: public; Owner: productivity_lab
--

ALTER TABLE public.wagtailcore_site ALTER COLUMN id ADD GENERATED BY DEFAULT AS IDENTITY (
    SEQUENCE NAME public.wagtailcore_site_id_seq
    START WITH 1
    INCREMENT BY 1
    NO MINVALUE
    NO MAXVALUE
    CACHE 1
);


--
-- Name: wagtailcore_task; Type: TABLE; Schema: public; Owner: productivity_lab
--

CREATE TABLE public.wagtailcore_task (
    id integer NOT NULL,
    name character varying(255) NOT NULL,
    active boolean NOT NULL,
    content_type_id integer NOT NULL
);


ALTER TABLE public.wagtailcore_task OWNER TO productivity_lab;

--
-- Name: wagtailcore_task_id_seq; Type: SEQUENCE; Schema: public; Owner: productivity_lab
--

ALTER TABLE public.wagtailcore_task ALTER COLUMN id ADD GENERATED BY DEFAULT AS IDENTITY (
    SEQUENCE NAME public.wagtailcore_task_id_seq
    START WITH 1
    INCREMENT BY 1
    NO MINVALUE
    NO MAXVALUE
    CACHE 1
);


--
-- Name: wagtailcore_taskstate; Type: TABLE; Schema: public; Owner: productivity_lab
--

CREATE TABLE public.wagtailcore_taskstate (
    id integer NOT NULL,
    status character varying(50) NOT NULL,
    started_at timestamp with time zone NOT NULL,
    finished_at timestamp with time zone,
    content_type_id integer NOT NULL,
    revision_id integer NOT NULL,
    task_id integer NOT NULL,
    workflow_state_id integer NOT NULL,
    finished_by_id bigint,
    comment text NOT NULL
);


ALTER TABLE public.wagtailcore_taskstate OWNER TO productivity_lab;

--
-- Name: wagtailcore_taskstate_id_seq; Type: SEQUENCE; Schema: public; Owner: productivity_lab
--

ALTER TABLE public.wagtailcore_taskstate ALTER COLUMN id ADD GENERATED BY DEFAULT AS IDENTITY (
    SEQUENCE NAME public.wagtailcore_taskstate_id_seq
    START WITH 1
    INCREMENT BY 1
    NO MINVALUE
    NO MAXVALUE
    CACHE 1
);


--
-- Name: wagtailcore_workflow; Type: TABLE; Schema: public; Owner: productivity_lab
--

CREATE TABLE public.wagtailcore_workflow (
    id integer NOT NULL,
    name character varying(255) NOT NULL,
    active boolean NOT NULL
);


ALTER TABLE public.wagtailcore_workflow OWNER TO productivity_lab;

--
-- Name: wagtailcore_workflow_id_seq; Type: SEQUENCE; Schema: public; Owner: productivity_lab
--

ALTER TABLE public.wagtailcore_workflow ALTER COLUMN id ADD GENERATED BY DEFAULT AS IDENTITY (
    SEQUENCE NAME public.wagtailcore_workflow_id_seq
    START WITH 1
    INCREMENT BY 1
    NO MINVALUE
    NO MAXVALUE
    CACHE 1
);


--
-- Name: wagtailcore_workflowcontenttype; Type: TABLE; Schema: public; Owner: productivity_lab
--

CREATE TABLE public.wagtailcore_workflowcontenttype (
    content_type_id integer NOT NULL,
    workflow_id integer NOT NULL
);


ALTER TABLE public.wagtailcore_workflowcontenttype OWNER TO productivity_lab;

--
-- Name: wagtailcore_workflowpage; Type: TABLE; Schema: public; Owner: productivity_lab
--

CREATE TABLE public.wagtailcore_workflowpage (
    page_id integer NOT NULL,
    workflow_id integer NOT NULL
);


ALTER TABLE public.wagtailcore_workflowpage OWNER TO productivity_lab;

--
-- Name: wagtailcore_workflowstate; Type: TABLE; Schema: public; Owner: productivity_lab
--

CREATE TABLE public.wagtailcore_workflowstate (
    id integer NOT NULL,
    status character varying(50) NOT NULL,
    created_at timestamp with time zone NOT NULL,
    current_task_state_id integer,
    object_id character varying(255) NOT NULL,
    requested_by_id bigint,
    workflow_id integer NOT NULL,
    content_type_id integer NOT NULL,
    base_content_type_id integer NOT NULL
);


ALTER TABLE public.wagtailcore_workflowstate OWNER TO productivity_lab;

--
-- Name: wagtailcore_workflowstate_id_seq; Type: SEQUENCE; Schema: public; Owner: productivity_lab
--

ALTER TABLE public.wagtailcore_workflowstate ALTER COLUMN id ADD GENERATED BY DEFAULT AS IDENTITY (
    SEQUENCE NAME public.wagtailcore_workflowstate_id_seq
    START WITH 1
    INCREMENT BY 1
    NO MINVALUE
    NO MAXVALUE
    CACHE 1
);


--
-- Name: wagtailcore_workflowtask; Type: TABLE; Schema: public; Owner: productivity_lab
--

CREATE TABLE public.wagtailcore_workflowtask (
    id integer NOT NULL,
    sort_order integer,
    task_id integer NOT NULL,
    workflow_id integer NOT NULL
);


ALTER TABLE public.wagtailcore_workflowtask OWNER TO productivity_lab;

--
-- Name: wagtailcore_workflowtask_id_seq; Type: SEQUENCE; Schema: public; Owner: productivity_lab
--

ALTER TABLE public.wagtailcore_workflowtask ALTER COLUMN id ADD GENERATED BY DEFAULT AS IDENTITY (
    SEQUENCE NAME public.wagtailcore_workflowtask_id_seq
    START WITH 1
    INCREMENT BY 1
    NO MINVALUE
    NO MAXVALUE
    CACHE 1
);


--
-- Name: wagtaildocs_document; Type: TABLE; Schema: public; Owner: productivity_lab
--

CREATE TABLE public.wagtaildocs_document (
    id integer NOT NULL,
    title character varying(255) NOT NULL,
    file character varying(100) NOT NULL,
    created_at timestamp with time zone NOT NULL,
    uploaded_by_user_id bigint,
    collection_id integer NOT NULL,
    file_size integer,
    file_hash character varying(40) NOT NULL,
    CONSTRAINT wagtaildocs_document_file_size_check CHECK ((file_size >= 0))
);


ALTER TABLE public.wagtaildocs_document OWNER TO productivity_lab;

--
-- Name: wagtaildocs_document_id_seq; Type: SEQUENCE; Schema: public; Owner: productivity_lab
--

ALTER TABLE public.wagtaildocs_document ALTER COLUMN id ADD GENERATED BY DEFAULT AS IDENTITY (
    SEQUENCE NAME public.wagtaildocs_document_id_seq
    START WITH 1
    INCREMENT BY 1
    NO MINVALUE
    NO MAXVALUE
    CACHE 1
);


--
-- Name: wagtaildocs_uploadeddocument; Type: TABLE; Schema: public; Owner: productivity_lab
--

CREATE TABLE public.wagtaildocs_uploadeddocument (
    id integer NOT NULL,
    file character varying(200) NOT NULL,
    uploaded_by_user_id bigint
);


ALTER TABLE public.wagtaildocs_uploadeddocument OWNER TO productivity_lab;

--
-- Name: wagtaildocs_uploadeddocument_id_seq; Type: SEQUENCE; Schema: public; Owner: productivity_lab
--

ALTER TABLE public.wagtaildocs_uploadeddocument ALTER COLUMN id ADD GENERATED BY DEFAULT AS IDENTITY (
    SEQUENCE NAME public.wagtaildocs_uploadeddocument_id_seq
    START WITH 1
    INCREMENT BY 1
    NO MINVALUE
    NO MAXVALUE
    CACHE 1
);


--
-- Name: wagtailembeds_embed; Type: TABLE; Schema: public; Owner: productivity_lab
--

CREATE TABLE public.wagtailembeds_embed (
    id integer NOT NULL,
    url text NOT NULL,
    max_width smallint,
    type character varying(10) NOT NULL,
    html text NOT NULL,
    title text NOT NULL,
    author_name text NOT NULL,
    provider_name text NOT NULL,
    thumbnail_url text NOT NULL,
    width integer,
    height integer,
    last_updated timestamp with time zone NOT NULL,
    hash character varying(32) NOT NULL,
    cache_until timestamp with time zone
);


ALTER TABLE public.wagtailembeds_embed OWNER TO productivity_lab;

--
-- Name: wagtailembeds_embed_id_seq; Type: SEQUENCE; Schema: public; Owner: productivity_lab
--

ALTER TABLE public.wagtailembeds_embed ALTER COLUMN id ADD GENERATED BY DEFAULT AS IDENTITY (
    SEQUENCE NAME public.wagtailembeds_embed_id_seq
    START WITH 1
    INCREMENT BY 1
    NO MINVALUE
    NO MAXVALUE
    CACHE 1
);


--
-- Name: wagtailforms_formsubmission; Type: TABLE; Schema: public; Owner: productivity_lab
--

CREATE TABLE public.wagtailforms_formsubmission (
    id integer NOT NULL,
    form_data jsonb NOT NULL,
    submit_time timestamp with time zone NOT NULL,
    page_id integer NOT NULL
);


ALTER TABLE public.wagtailforms_formsubmission OWNER TO productivity_lab;

--
-- Name: wagtailforms_formsubmission_id_seq; Type: SEQUENCE; Schema: public; Owner: productivity_lab
--

ALTER TABLE public.wagtailforms_formsubmission ALTER COLUMN id ADD GENERATED BY DEFAULT AS IDENTITY (
    SEQUENCE NAME public.wagtailforms_formsubmission_id_seq
    START WITH 1
    INCREMENT BY 1
    NO MINVALUE
    NO MAXVALUE
    CACHE 1
);


--
-- Name: wagtailimages_image; Type: TABLE; Schema: public; Owner: productivity_lab
--

CREATE TABLE public.wagtailimages_image (
    id integer NOT NULL,
    title character varying(255) NOT NULL,
    file character varying(100) NOT NULL,
    width integer NOT NULL,
    height integer NOT NULL,
    created_at timestamp with time zone NOT NULL,
    focal_point_x integer,
    focal_point_y integer,
    focal_point_width integer,
    focal_point_height integer,
    uploaded_by_user_id bigint,
    file_size integer,
    collection_id integer NOT NULL,
    file_hash character varying(40) NOT NULL,
    CONSTRAINT wagtailimages_image_file_size_check CHECK ((file_size >= 0)),
    CONSTRAINT wagtailimages_image_focal_point_height_check CHECK ((focal_point_height >= 0)),
    CONSTRAINT wagtailimages_image_focal_point_width_check CHECK ((focal_point_width >= 0)),
    CONSTRAINT wagtailimages_image_focal_point_x_check CHECK ((focal_point_x >= 0)),
    CONSTRAINT wagtailimages_image_focal_point_y_check CHECK ((focal_point_y >= 0))
);


ALTER TABLE public.wagtailimages_image OWNER TO productivity_lab;

--
-- Name: wagtailimages_image_id_seq; Type: SEQUENCE; Schema: public; Owner: productivity_lab
--

ALTER TABLE public.wagtailimages_image ALTER COLUMN id ADD GENERATED BY DEFAULT AS IDENTITY (
    SEQUENCE NAME public.wagtailimages_image_id_seq
    START WITH 1
    INCREMENT BY 1
    NO MINVALUE
    NO MAXVALUE
    CACHE 1
);


--
-- Name: wagtailimages_rendition; Type: TABLE; Schema: public; Owner: productivity_lab
--

CREATE TABLE public.wagtailimages_rendition (
    id integer NOT NULL,
    file character varying(100) NOT NULL,
    width integer NOT NULL,
    height integer NOT NULL,
    focal_point_key character varying(16) NOT NULL,
    filter_spec character varying(255) NOT NULL,
    image_id integer NOT NULL
);


ALTER TABLE public.wagtailimages_rendition OWNER TO productivity_lab;

--
-- Name: wagtailimages_rendition_id_seq; Type: SEQUENCE; Schema: public; Owner: productivity_lab
--

ALTER TABLE public.wagtailimages_rendition ALTER COLUMN id ADD GENERATED BY DEFAULT AS IDENTITY (
    SEQUENCE NAME public.wagtailimages_rendition_id_seq
    START WITH 1
    INCREMENT BY 1
    NO MINVALUE
    NO MAXVALUE
    CACHE 1
);


--
-- Name: wagtailimages_uploadedimage; Type: TABLE; Schema: public; Owner: productivity_lab
--

CREATE TABLE public.wagtailimages_uploadedimage (
    id integer NOT NULL,
    file character varying(200) NOT NULL,
    uploaded_by_user_id bigint
);


ALTER TABLE public.wagtailimages_uploadedimage OWNER TO productivity_lab;

--
-- Name: wagtailimages_uploadedimage_id_seq; Type: SEQUENCE; Schema: public; Owner: productivity_lab
--

ALTER TABLE public.wagtailimages_uploadedimage ALTER COLUMN id ADD GENERATED BY DEFAULT AS IDENTITY (
    SEQUENCE NAME public.wagtailimages_uploadedimage_id_seq
    START WITH 1
    INCREMENT BY 1
    NO MINVALUE
    NO MAXVALUE
    CACHE 1
);


--
-- Name: wagtailmedia_media; Type: TABLE; Schema: public; Owner: productivity_lab
--

CREATE TABLE public.wagtailmedia_media (
    id integer NOT NULL,
    title character varying(255) NOT NULL,
    file character varying(100) NOT NULL,
    type character varying(255) NOT NULL,
    duration double precision NOT NULL,
    width integer,
    height integer,
    thumbnail character varying(100) NOT NULL,
    created_at timestamp with time zone NOT NULL,
    collection_id integer NOT NULL,
    uploaded_by_user_id bigint,
    CONSTRAINT wagtailmedia_media_height_check CHECK ((height >= 0)),
    CONSTRAINT wagtailmedia_media_width_check CHECK ((width >= 0))
);


ALTER TABLE public.wagtailmedia_media OWNER TO productivity_lab;

--
-- Name: wagtailmedia_media_id_seq; Type: SEQUENCE; Schema: public; Owner: productivity_lab
--

ALTER TABLE public.wagtailmedia_media ALTER COLUMN id ADD GENERATED BY DEFAULT AS IDENTITY (
    SEQUENCE NAME public.wagtailmedia_media_id_seq
    START WITH 1
    INCREMENT BY 1
    NO MINVALUE
    NO MAXVALUE
    CACHE 1
);


--
-- Name: wagtailmenus_flatmenu; Type: TABLE; Schema: public; Owner: productivity_lab
--

CREATE TABLE public.wagtailmenus_flatmenu (
    id integer NOT NULL,
    title character varying(255) NOT NULL,
    handle character varying(100) NOT NULL,
    heading character varying(255) NOT NULL,
    site_id integer NOT NULL,
    max_levels smallint NOT NULL,
    CONSTRAINT wagtailmenus_flatmenu_max_levels_check CHECK ((max_levels >= 0))
);


ALTER TABLE public.wagtailmenus_flatmenu OWNER TO productivity_lab;

--
-- Name: wagtailmenus_flatmenu_id_seq; Type: SEQUENCE; Schema: public; Owner: productivity_lab
--

ALTER TABLE public.wagtailmenus_flatmenu ALTER COLUMN id ADD GENERATED BY DEFAULT AS IDENTITY (
    SEQUENCE NAME public.wagtailmenus_flatmenu_id_seq
    START WITH 1
    INCREMENT BY 1
    NO MINVALUE
    NO MAXVALUE
    CACHE 1
);


--
-- Name: wagtailmenus_flatmenuitem; Type: TABLE; Schema: public; Owner: productivity_lab
--

CREATE TABLE public.wagtailmenus_flatmenuitem (
    id integer NOT NULL,
    sort_order integer,
    link_text character varying(255) NOT NULL,
    link_url character varying(255),
    link_page_id integer,
    menu_id integer NOT NULL,
    url_append character varying(255) NOT NULL,
    allow_subnav boolean NOT NULL,
    handle character varying(100) NOT NULL
);


ALTER TABLE public.wagtailmenus_flatmenuitem OWNER TO productivity_lab;

--
-- Name: wagtailmenus_flatmenuitem_id_seq; Type: SEQUENCE; Schema: public; Owner: productivity_lab
--

ALTER TABLE public.wagtailmenus_flatmenuitem ALTER COLUMN id ADD GENERATED BY DEFAULT AS IDENTITY (
    SEQUENCE NAME public.wagtailmenus_flatmenuitem_id_seq
    START WITH 1
    INCREMENT BY 1
    NO MINVALUE
    NO MAXVALUE
    CACHE 1
);


--
-- Name: wagtailmenus_mainmenu; Type: TABLE; Schema: public; Owner: productivity_lab
--

CREATE TABLE public.wagtailmenus_mainmenu (
    id integer NOT NULL,
    site_id integer NOT NULL,
    max_levels smallint NOT NULL,
    CONSTRAINT wagtailmenus_mainmenu_max_levels_check CHECK ((max_levels >= 0))
);


ALTER TABLE public.wagtailmenus_mainmenu OWNER TO productivity_lab;

--
-- Name: wagtailmenus_mainmenu_id_seq; Type: SEQUENCE; Schema: public; Owner: productivity_lab
--

ALTER TABLE public.wagtailmenus_mainmenu ALTER COLUMN id ADD GENERATED BY DEFAULT AS IDENTITY (
    SEQUENCE NAME public.wagtailmenus_mainmenu_id_seq
    START WITH 1
    INCREMENT BY 1
    NO MINVALUE
    NO MAXVALUE
    CACHE 1
);


--
-- Name: wagtailmenus_mainmenuitem; Type: TABLE; Schema: public; Owner: productivity_lab
--

CREATE TABLE public.wagtailmenus_mainmenuitem (
    id integer NOT NULL,
    sort_order integer,
    link_text character varying(255) NOT NULL,
    link_url character varying(255),
    link_page_id integer,
    menu_id integer NOT NULL,
    allow_subnav boolean NOT NULL,
    url_append character varying(255) NOT NULL,
    handle character varying(100) NOT NULL
);


ALTER TABLE public.wagtailmenus_mainmenuitem OWNER TO productivity_lab;

--
-- Name: wagtailmenus_mainmenuitem_id_seq; Type: SEQUENCE; Schema: public; Owner: productivity_lab
--

ALTER TABLE public.wagtailmenus_mainmenuitem ALTER COLUMN id ADD GENERATED BY DEFAULT AS IDENTITY (
    SEQUENCE NAME public.wagtailmenus_mainmenuitem_id_seq
    START WITH 1
    INCREMENT BY 1
    NO MINVALUE
    NO MAXVALUE
    CACHE 1
);


--
-- Name: wagtailredirects_redirect; Type: TABLE; Schema: public; Owner: productivity_lab
--

CREATE TABLE public.wagtailredirects_redirect (
    id integer NOT NULL,
    old_path character varying(255) NOT NULL,
    is_permanent boolean NOT NULL,
    redirect_link character varying(255) NOT NULL,
    redirect_page_id integer,
    site_id integer,
    automatically_created boolean NOT NULL,
    created_at timestamp with time zone,
    redirect_page_route_path character varying(255) NOT NULL
);


ALTER TABLE public.wagtailredirects_redirect OWNER TO productivity_lab;

--
-- Name: wagtailredirects_redirect_id_seq; Type: SEQUENCE; Schema: public; Owner: productivity_lab
--

ALTER TABLE public.wagtailredirects_redirect ALTER COLUMN id ADD GENERATED BY DEFAULT AS IDENTITY (
    SEQUENCE NAME public.wagtailredirects_redirect_id_seq
    START WITH 1
    INCREMENT BY 1
    NO MINVALUE
    NO MAXVALUE
    CACHE 1
);


--
-- Name: wagtailsearch_indexentry; Type: TABLE; Schema: public; Owner: productivity_lab
--

CREATE TABLE public.wagtailsearch_indexentry (
    id integer NOT NULL,
    object_id character varying(50) NOT NULL,
    title_norm double precision NOT NULL,
    content_type_id integer NOT NULL,
    autocomplete tsvector NOT NULL,
    title tsvector NOT NULL,
    body tsvector NOT NULL
);


ALTER TABLE public.wagtailsearch_indexentry OWNER TO productivity_lab;

--
-- Name: wagtailsearch_indexentry_id_seq; Type: SEQUENCE; Schema: public; Owner: productivity_lab
--

ALTER TABLE public.wagtailsearch_indexentry ALTER COLUMN id ADD GENERATED BY DEFAULT AS IDENTITY (
    SEQUENCE NAME public.wagtailsearch_indexentry_id_seq
    START WITH 1
    INCREMENT BY 1
    NO MINVALUE
    NO MAXVALUE
    CACHE 1
);


--
-- Name: wagtailsearch_query; Type: TABLE; Schema: public; Owner: productivity_lab
--

CREATE TABLE public.wagtailsearch_query (
    id integer NOT NULL,
    query_string character varying(255) NOT NULL
);


ALTER TABLE public.wagtailsearch_query OWNER TO productivity_lab;

--
-- Name: wagtailsearch_query_id_seq; Type: SEQUENCE; Schema: public; Owner: productivity_lab
--

ALTER TABLE public.wagtailsearch_query ALTER COLUMN id ADD GENERATED BY DEFAULT AS IDENTITY (
    SEQUENCE NAME public.wagtailsearch_query_id_seq
    START WITH 1
    INCREMENT BY 1
    NO MINVALUE
    NO MAXVALUE
    CACHE 1
);


--
-- Name: wagtailsearch_querydailyhits; Type: TABLE; Schema: public; Owner: productivity_lab
--

CREATE TABLE public.wagtailsearch_querydailyhits (
    id integer NOT NULL,
    date date NOT NULL,
    hits integer NOT NULL,
    query_id integer NOT NULL
);


ALTER TABLE public.wagtailsearch_querydailyhits OWNER TO productivity_lab;

--
-- Name: wagtailsearch_querydailyhits_id_seq; Type: SEQUENCE; Schema: public; Owner: productivity_lab
--

ALTER TABLE public.wagtailsearch_querydailyhits ALTER COLUMN id ADD GENERATED BY DEFAULT AS IDENTITY (
    SEQUENCE NAME public.wagtailsearch_querydailyhits_id_seq
    START WITH 1
    INCREMENT BY 1
    NO MINVALUE
    NO MAXVALUE
    CACHE 1
);


--
-- Name: wagtailusers_userprofile; Type: TABLE; Schema: public; Owner: productivity_lab
--

CREATE TABLE public.wagtailusers_userprofile (
    id integer NOT NULL,
    submitted_notifications boolean NOT NULL,
    approved_notifications boolean NOT NULL,
    rejected_notifications boolean NOT NULL,
    user_id bigint NOT NULL,
    preferred_language character varying(10) NOT NULL,
    current_time_zone character varying(40) NOT NULL,
    avatar character varying(100) NOT NULL,
    updated_comments_notifications boolean NOT NULL,
    dismissibles jsonb NOT NULL,
    theme character varying(40) NOT NULL
);


ALTER TABLE public.wagtailusers_userprofile OWNER TO productivity_lab;

--
-- Name: wagtailusers_userprofile_id_seq; Type: SEQUENCE; Schema: public; Owner: productivity_lab
--

ALTER TABLE public.wagtailusers_userprofile ALTER COLUMN id ADD GENERATED BY DEFAULT AS IDENTITY (
    SEQUENCE NAME public.wagtailusers_userprofile_id_seq
    START WITH 1
    INCREMENT BY 1
    NO MINVALUE
    NO MAXVALUE
    CACHE 1
);


--
-- Data for Name: article_articleindexbydatepage; Type: TABLE DATA; Schema: public; Owner: productivity_lab
--

COPY public.article_articleindexbydatepage (articleindexpage_ptr_id, filter_by_day) FROM stdin;
\.


--
-- Data for Name: article_articleindexpage; Type: TABLE DATA; Schema: public; Owner: productivity_lab
--

COPY public.article_articleindexpage (sitepage_ptr_id, intro, per_page, display_title, display_intro, display_meta, sidebar_placement, layout_style, listing_order, default_thumbnail_id) FROM stdin;
\.


--
-- Data for Name: article_articlepage; Type: TABLE DATA; Schema: public; Owner: productivity_lab
--

COPY public.article_articlepage (sitepage_ptr_id, intro, body, author, article_image_filterspec, splash_content, splash_text_align, splash_text_colour, splash_bg_colour, splash_border_radius, splash_height, inset_content, inset_text_align, inset_text_colour, inset_bg_colour, inset_border_radius, inset_style, display_title, render_template, sidebar_placement, article_image_id, splash_image_id, thumbnail_image_id) FROM stdin;
\.


--
-- Data for Name: auth_group; Type: TABLE DATA; Schema: public; Owner: productivity_lab
--

COPY public.auth_group (id, name) FROM stdin;
1	Moderators
2	Editors
\.


--
-- Data for Name: auth_group_permissions; Type: TABLE DATA; Schema: public; Owner: productivity_lab
--

COPY public.auth_group_permissions (id, group_id, permission_id) FROM stdin;
1	1	1
2	2	1
3	1	98
4	1	99
5	1	100
6	2	98
7	2	99
8	2	100
9	1	101
10	2	101
11	1	104
12	1	102
13	1	103
14	2	104
15	2	102
16	2	103
17	1	105
18	2	105
19	1	106
20	1	107
21	1	108
22	2	106
23	2	107
24	2	108
\.


--
-- Data for Name: auth_permission; Type: TABLE DATA; Schema: public; Owner: productivity_lab
--

COPY public.auth_permission (id, name, content_type_id, codename) FROM stdin;
1	Can access Wagtail admin	3	access_admin
2	Can add locale	4	add_locale
3	Can change locale	4	change_locale
4	Can delete locale	4	delete_locale
5	Can view locale	4	view_locale
6	Can add site	5	add_site
7	Can change site	5	change_site
8	Can delete site	5	delete_site
9	Can view site	5	view_site
10	Can add model log entry	6	add_modellogentry
11	Can change model log entry	6	change_modellogentry
12	Can delete model log entry	6	delete_modellogentry
13	Can view model log entry	6	view_modellogentry
14	Can add collection view restriction	7	add_collectionviewrestriction
15	Can change collection view restriction	7	change_collectionviewrestriction
16	Can delete collection view restriction	7	delete_collectionviewrestriction
17	Can view collection view restriction	7	view_collectionviewrestriction
18	Can add collection	8	add_collection
19	Can change collection	8	change_collection
20	Can delete collection	8	delete_collection
21	Can view collection	8	view_collection
22	Can add group collection permission	9	add_groupcollectionpermission
23	Can change group collection permission	9	change_groupcollectionpermission
24	Can delete group collection permission	9	delete_groupcollectionpermission
25	Can view group collection permission	9	view_groupcollectionpermission
26	Can add reference index	10	add_referenceindex
27	Can change reference index	10	change_referenceindex
28	Can delete reference index	10	delete_referenceindex
29	Can view reference index	10	view_referenceindex
30	Can add page	1	add_page
31	Can change page	1	change_page
32	Can delete page	1	delete_page
33	Can view page	1	view_page
34	Delete pages with children	1	bulk_delete_page
35	Lock/unlock pages you've locked	1	lock_page
36	Publish any page	1	publish_page
37	Unlock any page	1	unlock_page
38	Can add revision	11	add_revision
39	Can change revision	11	change_revision
40	Can delete revision	11	delete_revision
41	Can view revision	11	view_revision
42	Can add group page permission	12	add_grouppagepermission
43	Can change group page permission	12	change_grouppagepermission
44	Can delete group page permission	12	delete_grouppagepermission
45	Can view group page permission	12	view_grouppagepermission
46	Can add page view restriction	13	add_pageviewrestriction
47	Can change page view restriction	13	change_pageviewrestriction
48	Can delete page view restriction	13	delete_pageviewrestriction
49	Can view page view restriction	13	view_pageviewrestriction
50	Can add workflow page	14	add_workflowpage
51	Can change workflow page	14	change_workflowpage
52	Can delete workflow page	14	delete_workflowpage
53	Can view workflow page	14	view_workflowpage
54	Can add workflow content type	15	add_workflowcontenttype
55	Can change workflow content type	15	change_workflowcontenttype
56	Can delete workflow content type	15	delete_workflowcontenttype
57	Can view workflow content type	15	view_workflowcontenttype
58	Can add workflow task order	16	add_workflowtask
59	Can change workflow task order	16	change_workflowtask
60	Can delete workflow task order	16	delete_workflowtask
61	Can view workflow task order	16	view_workflowtask
62	Can add task	17	add_task
63	Can change task	17	change_task
64	Can delete task	17	delete_task
65	Can view task	17	view_task
66	Can add workflow	18	add_workflow
67	Can change workflow	18	change_workflow
68	Can delete workflow	18	delete_workflow
69	Can view workflow	18	view_workflow
70	Can add Group approval task	2	add_groupapprovaltask
71	Can change Group approval task	2	change_groupapprovaltask
72	Can delete Group approval task	2	delete_groupapprovaltask
73	Can view Group approval task	2	view_groupapprovaltask
74	Can add Workflow state	19	add_workflowstate
75	Can change Workflow state	19	change_workflowstate
76	Can delete Workflow state	19	delete_workflowstate
77	Can view Workflow state	19	view_workflowstate
78	Can add Task state	20	add_taskstate
79	Can change Task state	20	change_taskstate
80	Can delete Task state	20	delete_taskstate
81	Can view Task state	20	view_taskstate
82	Can add page log entry	21	add_pagelogentry
83	Can change page log entry	21	change_pagelogentry
84	Can delete page log entry	21	delete_pagelogentry
85	Can view page log entry	21	view_pagelogentry
86	Can add comment	22	add_comment
87	Can change comment	22	change_comment
88	Can delete comment	22	delete_comment
89	Can view comment	22	view_comment
90	Can add comment reply	23	add_commentreply
91	Can change comment reply	23	change_commentreply
92	Can delete comment reply	23	delete_commentreply
93	Can view comment reply	23	view_commentreply
94	Can add page subscription	24	add_pagesubscription
95	Can change page subscription	24	change_pagesubscription
96	Can delete page subscription	24	delete_pagesubscription
97	Can view page subscription	24	view_pagesubscription
98	Can add document	25	add_document
99	Can change document	25	change_document
100	Can delete document	25	delete_document
101	Can choose document	25	choose_document
102	Can add image	26	add_image
103	Can change image	26	change_image
104	Can delete image	26	delete_image
105	Can choose image	26	choose_image
106	Can add media	27	add_media
107	Can change media	27	change_media
108	Can delete media	27	delete_media
109	Can add Carousel Slideshow	28	add_carouselsnippet
110	Can change Carousel Slideshow	28	change_carouselsnippet
111	Can delete Carousel Slideshow	28	delete_carouselsnippet
112	Can view Carousel Slideshow	28	view_carouselsnippet
113	Can add Icon Card Deck	29	add_iconcarddecksnippet
114	Can change Icon Card Deck	29	change_iconcarddecksnippet
115	Can delete Icon Card Deck	29	delete_iconcarddecksnippet
116	Can view Icon Card Deck	29	view_iconcarddecksnippet
117	Can add site image	30	add_siteimage
118	Can change site image	30	change_siteimage
119	Can delete site image	30	delete_siteimage
120	Can view site image	30	view_siteimage
121	Can add site page	31	add_sitepage
122	Can change site page	31	change_sitepage
123	Can delete site page	31	delete_sitepage
124	Can view site page	31	view_sitepage
125	Can add text snippet	32	add_textsnippet
126	Can change text snippet	32	change_textsnippet
127	Can delete text snippet	32	delete_textsnippet
128	Can view text snippet	32	view_textsnippet
129	Can add site search index page	33	add_sitesearchindexpage
130	Can change site search index page	33	change_sitesearchindexpage
131	Can delete site search index page	33	delete_sitesearchindexpage
132	Can view site search index page	33	view_sitesearchindexpage
133	Can add site tag index page	34	add_sitetagindexpage
134	Can change site tag index page	34	change_sitetagindexpage
135	Can delete site tag index page	34	delete_sitetagindexpage
136	Can view site tag index page	34	view_sitetagindexpage
137	Can add text snippet tag	35	add_textsnippettag
138	Can change text snippet tag	35	change_textsnippettag
139	Can delete text snippet tag	35	delete_textsnippettag
140	Can view text snippet tag	35	view_textsnippettag
141	Can add Customization	36	add_sitesettings
142	Can change Customization	36	change_sitesettings
143	Can delete Customization	36	delete_sitesettings
144	Can view Customization	36	view_sitesettings
145	Can add site page tags	37	add_sitepagetags
146	Can change site page tags	37	change_sitepagetags
147	Can delete site page tags	37	delete_sitepagetags
148	Can view site page tags	37	view_sitepagetags
149	Can add Email Settings	38	add_emailsettings
150	Can change Email Settings	38	change_emailsettings
151	Can delete Email Settings	38	delete_emailsettings
152	Can view Email Settings	38	view_emailsettings
153	Can add site rendition	39	add_siterendition
154	Can change site rendition	39	change_siterendition
155	Can delete site rendition	39	delete_siterendition
156	Can view site rendition	39	view_siterendition
157	Can add user	40	add_user
158	Can change user	40	change_user
159	Can delete user	40	delete_user
160	Can view user	40	view_user
161	Can add home page	41	add_homepage
162	Can change home page	41	change_homepage
163	Can delete home page	41	delete_homepage
164	Can view home page	41	view_homepage
165	Can add article index page	42	add_articleindexpage
166	Can change article index page	42	change_articleindexpage
167	Can delete article index page	42	delete_articleindexpage
168	Can view article index page	42	view_articleindexpage
169	Can add article index by date page	43	add_articleindexbydatepage
170	Can change article index by date page	43	change_articleindexbydatepage
171	Can delete article index by date page	43	delete_articleindexbydatepage
172	Can view article index by date page	43	view_articleindexbydatepage
173	Can add article page	44	add_articlepage
174	Can change article page	44	change_articlepage
175	Can delete article page	44	delete_articlepage
176	Can view article page	44	view_articlepage
177	Can add event page	45	add_eventpage
178	Can change event page	45	change_eventpage
179	Can delete event page	45	delete_eventpage
180	Can view event page	45	view_eventpage
181	Can add event index page	46	add_eventindexpage
182	Can change event index page	46	change_eventindexpage
183	Can delete event index page	46	delete_eventindexpage
184	Can view event index page	46	view_eventindexpage
185	Can add form submission	47	add_formsubmission
186	Can change form submission	47	change_formsubmission
187	Can delete form submission	47	delete_formsubmission
188	Can view form submission	47	view_formsubmission
189	Can add redirect	48	add_redirect
190	Can change redirect	48	change_redirect
191	Can delete redirect	48	delete_redirect
192	Can view redirect	48	view_redirect
193	Can add embed	49	add_embed
194	Can change embed	49	change_embed
195	Can delete embed	49	delete_embed
196	Can view embed	49	view_embed
197	Can add user profile	50	add_userprofile
198	Can change user profile	50	change_userprofile
199	Can delete user profile	50	delete_userprofile
200	Can view user profile	50	view_userprofile
201	Can view document	25	view_document
202	Can add uploaded document	51	add_uploadeddocument
203	Can change uploaded document	51	change_uploadeddocument
204	Can delete uploaded document	51	delete_uploadeddocument
205	Can view uploaded document	51	view_uploadeddocument
206	Can view image	26	view_image
207	Can add rendition	52	add_rendition
208	Can change rendition	52	change_rendition
209	Can delete rendition	52	delete_rendition
210	Can view rendition	52	view_rendition
211	Can add uploaded image	53	add_uploadedimage
212	Can change uploaded image	53	change_uploadedimage
213	Can delete uploaded image	53	delete_uploadedimage
214	Can view uploaded image	53	view_uploadedimage
215	Can add query	54	add_query
216	Can change query	54	change_query
217	Can delete query	54	delete_query
218	Can view query	54	view_query
219	Can add Query Daily Hits	55	add_querydailyhits
220	Can change Query Daily Hits	55	change_querydailyhits
221	Can delete Query Daily Hits	55	delete_querydailyhits
222	Can view Query Daily Hits	55	view_querydailyhits
223	Can add index entry	56	add_indexentry
224	Can change index entry	56	change_indexentry
225	Can delete index entry	56	delete_indexentry
226	Can view index entry	56	view_indexentry
227	Can add flat menu	57	add_flatmenu
228	Can change flat menu	57	change_flatmenu
229	Can delete flat menu	57	delete_flatmenu
230	Can view flat menu	57	view_flatmenu
231	Can add menu item	58	add_flatmenuitem
232	Can change menu item	58	change_flatmenuitem
233	Can delete menu item	58	delete_flatmenuitem
234	Can view menu item	58	view_flatmenuitem
235	Can add main menu	59	add_mainmenu
236	Can change main menu	59	change_mainmenu
237	Can delete main menu	59	delete_mainmenu
238	Can view main menu	59	view_mainmenu
239	Can add menu item	60	add_mainmenuitem
240	Can change menu item	60	change_mainmenuitem
241	Can delete menu item	60	delete_mainmenuitem
242	Can view menu item	60	view_mainmenuitem
243	Can add tag	61	add_tag
244	Can change tag	61	change_tag
245	Can delete tag	61	delete_tag
246	Can view tag	61	view_tag
247	Can add tagged item	62	add_taggeditem
248	Can change tagged item	62	change_taggeditem
249	Can delete tagged item	62	delete_taggeditem
250	Can view tagged item	62	view_taggeditem
251	Can view media	27	view_media
252	Can add log entry	63	add_logentry
253	Can change log entry	63	change_logentry
254	Can delete log entry	63	delete_logentry
255	Can view log entry	63	view_logentry
256	Can add permission	64	add_permission
257	Can change permission	64	change_permission
258	Can delete permission	64	delete_permission
259	Can view permission	64	view_permission
260	Can add group	65	add_group
261	Can change group	65	change_group
262	Can delete group	65	delete_group
263	Can view group	65	view_group
264	Can add content type	66	add_contenttype
265	Can change content type	66	change_contenttype
266	Can delete content type	66	delete_contenttype
267	Can view content type	66	view_contenttype
268	Can add session	67	add_session
269	Can change session	67	change_session
270	Can delete session	67	delete_session
271	Can view session	67	view_session
\.


--
-- Data for Name: django_admin_log; Type: TABLE DATA; Schema: public; Owner: productivity_lab
--

COPY public.django_admin_log (id, action_time, object_id, object_repr, action_flag, change_message, content_type_id, user_id) FROM stdin;
\.


--
-- Data for Name: django_content_type; Type: TABLE DATA; Schema: public; Owner: productivity_lab
--

COPY public.django_content_type (id, app_label, model) FROM stdin;
1	wagtailcore	page
2	wagtailcore	groupapprovaltask
3	wagtailadmin	admin
4	wagtailcore	locale
5	wagtailcore	site
6	wagtailcore	modellogentry
7	wagtailcore	collectionviewrestriction
8	wagtailcore	collection
9	wagtailcore	groupcollectionpermission
10	wagtailcore	referenceindex
11	wagtailcore	revision
12	wagtailcore	grouppagepermission
13	wagtailcore	pageviewrestriction
14	wagtailcore	workflowpage
15	wagtailcore	workflowcontenttype
16	wagtailcore	workflowtask
17	wagtailcore	task
18	wagtailcore	workflow
19	wagtailcore	workflowstate
20	wagtailcore	taskstate
21	wagtailcore	pagelogentry
22	wagtailcore	comment
23	wagtailcore	commentreply
24	wagtailcore	pagesubscription
25	wagtaildocs	document
26	wagtailimages	image
27	wagtailmedia	media
28	sitecore	carouselsnippet
29	sitecore	iconcarddecksnippet
30	sitecore	siteimage
31	sitecore	sitepage
32	sitecore	textsnippet
33	sitecore	sitesearchindexpage
34	sitecore	sitetagindexpage
35	sitecore	textsnippettag
36	sitecore	sitesettings
37	sitecore	sitepagetags
38	sitecore	emailsettings
39	sitecore	siterendition
40	siteuser	user
41	home	homepage
42	article	articleindexpage
43	article	articleindexbydatepage
44	article	articlepage
45	event	eventpage
46	event	eventindexpage
47	wagtailforms	formsubmission
48	wagtailredirects	redirect
49	wagtailembeds	embed
50	wagtailusers	userprofile
51	wagtaildocs	uploadeddocument
52	wagtailimages	rendition
53	wagtailimages	uploadedimage
54	wagtailsearch	query
55	wagtailsearch	querydailyhits
56	wagtailsearch	indexentry
57	wagtailmenus	flatmenu
58	wagtailmenus	flatmenuitem
59	wagtailmenus	mainmenu
60	wagtailmenus	mainmenuitem
61	taggit	tag
62	taggit	taggeditem
63	admin	logentry
64	auth	permission
65	auth	group
66	contenttypes	contenttype
67	sessions	session
\.


--
-- Data for Name: django_migrations; Type: TABLE DATA; Schema: public; Owner: productivity_lab
--

COPY public.django_migrations (id, app, name, applied) FROM stdin;
1	contenttypes	0001_initial	2023-11-07 17:01:51.811219+00
2	contenttypes	0002_remove_content_type_name	2023-11-07 17:01:51.816617+00
3	auth	0001_initial	2023-11-07 17:01:51.85278+00
4	auth	0002_alter_permission_name_max_length	2023-11-07 17:01:51.857359+00
5	auth	0003_alter_user_email_max_length	2023-11-07 17:01:51.861982+00
6	auth	0004_alter_user_username_opts	2023-11-07 17:01:51.86587+00
7	auth	0005_alter_user_last_login_null	2023-11-07 17:01:51.869993+00
8	auth	0006_require_contenttypes_0002	2023-11-07 17:01:51.87182+00
9	auth	0007_alter_validators_add_error_messages	2023-11-07 17:01:51.876553+00
10	auth	0008_alter_user_username_max_length	2023-11-07 17:01:51.880995+00
11	auth	0009_alter_user_last_name_max_length	2023-11-07 17:01:51.885326+00
12	auth	0010_alter_group_name_max_length	2023-11-07 17:01:51.890477+00
13	auth	0011_update_proxy_permissions	2023-11-07 17:01:51.895614+00
14	auth	0012_alter_user_first_name_max_length	2023-11-07 17:01:51.900209+00
15	siteuser	0001_initial	2023-11-07 17:01:51.938371+00
16	admin	0001_initial	2023-11-07 17:01:51.956599+00
17	admin	0002_logentry_remove_auto_add	2023-11-07 17:01:51.962839+00
18	admin	0003_logentry_add_action_flag_choices	2023-11-07 17:01:51.968476+00
19	wagtailcore	0001_initial	2023-11-07 17:01:52.108738+00
20	wagtailcore	0002_initial_data	2023-11-07 17:01:52.110345+00
21	wagtailcore	0003_add_uniqueness_constraint_on_group_page_permission	2023-11-07 17:01:52.112106+00
22	wagtailcore	0004_page_locked	2023-11-07 17:01:52.113551+00
23	wagtailcore	0005_add_page_lock_permission_to_moderators	2023-11-07 17:01:52.115097+00
24	wagtailcore	0006_add_lock_page_permission	2023-11-07 17:01:52.116705+00
25	wagtailcore	0007_page_latest_revision_created_at	2023-11-07 17:01:52.118126+00
26	wagtailcore	0008_populate_latest_revision_created_at	2023-11-07 17:01:52.11949+00
27	wagtailcore	0009_remove_auto_now_add_from_pagerevision_created_at	2023-11-07 17:01:52.120935+00
28	wagtailcore	0010_change_page_owner_to_null_on_delete	2023-11-07 17:01:52.12234+00
29	wagtailcore	0011_page_first_published_at	2023-11-07 17:01:52.123779+00
30	wagtailcore	0012_extend_page_slug_field	2023-11-07 17:01:52.125134+00
31	wagtailcore	0013_update_golive_expire_help_text	2023-11-07 17:01:52.126538+00
32	wagtailcore	0014_add_verbose_name	2023-11-07 17:01:52.127952+00
33	wagtailcore	0015_add_more_verbose_names	2023-11-07 17:01:52.129486+00
34	wagtailcore	0016_change_page_url_path_to_text_field	2023-11-07 17:01:52.131312+00
35	wagtailcore	0017_change_edit_page_permission_description	2023-11-07 17:01:52.138952+00
36	wagtailcore	0018_pagerevision_submitted_for_moderation_index	2023-11-07 17:01:52.149823+00
37	wagtailcore	0019_verbose_names_cleanup	2023-11-07 17:01:52.174305+00
38	wagtailcore	0020_add_index_on_page_first_published_at	2023-11-07 17:01:52.187377+00
39	wagtailcore	0021_capitalizeverbose	2023-11-07 17:01:52.328852+00
40	wagtailcore	0022_add_site_name	2023-11-07 17:01:52.340299+00
41	wagtailcore	0023_alter_page_revision_on_delete_behaviour	2023-11-07 17:01:52.34876+00
42	wagtailcore	0024_collection	2023-11-07 17:01:52.364152+00
43	wagtailcore	0025_collection_initial_data	2023-11-07 17:01:52.373362+00
44	wagtailcore	0026_group_collection_permission	2023-11-07 17:01:52.458229+00
45	wagtailcore	0027_fix_collection_path_collation	2023-11-07 17:01:52.4744+00
46	wagtailcore	0024_alter_page_content_type_on_delete_behaviour	2023-11-07 17:01:52.483789+00
47	wagtailcore	0028_merge	2023-11-07 17:01:52.486748+00
48	wagtailcore	0029_unicode_slugfield_dj19	2023-11-07 17:01:52.495115+00
49	wagtailcore	0030_index_on_pagerevision_created_at	2023-11-07 17:01:52.507622+00
50	wagtailcore	0031_add_page_view_restriction_types	2023-11-07 17:01:52.546195+00
51	wagtailcore	0032_add_bulk_delete_page_permission	2023-11-07 17:01:52.555386+00
52	wagtailcore	0033_remove_golive_expiry_help_text	2023-11-07 17:01:52.568879+00
53	wagtailcore	0034_page_live_revision	2023-11-07 17:01:52.584768+00
54	wagtailcore	0035_page_last_published_at	2023-11-07 17:01:52.593799+00
55	wagtailcore	0036_populate_page_last_published_at	2023-11-07 17:01:52.605839+00
56	wagtailcore	0037_set_page_owner_editable	2023-11-07 17:01:52.616117+00
57	wagtailcore	0038_make_first_published_at_editable	2023-11-07 17:01:52.6258+00
58	wagtailcore	0039_collectionviewrestriction	2023-11-07 17:01:52.670027+00
59	wagtailcore	0040_page_draft_title	2023-11-07 17:01:52.68696+00
60	wagtailcore	0041_group_collection_permissions_verbose_name_plural	2023-11-07 17:01:52.696392+00
61	wagtailcore	0042_index_on_pagerevision_approved_go_live_at	2023-11-07 17:01:52.709435+00
62	wagtailcore	0043_lock_fields	2023-11-07 17:01:52.733168+00
63	wagtailcore	0044_add_unlock_grouppagepermission	2023-11-07 17:01:52.745103+00
64	wagtailcore	0045_assign_unlock_grouppagepermission	2023-11-07 17:01:52.759113+00
65	wagtailcore	0046_site_name_remove_null	2023-11-07 17:01:52.769166+00
66	wagtailcore	0047_add_workflow_models	2023-11-07 17:01:52.938168+00
67	wagtailcore	0048_add_default_workflows	2023-11-07 17:01:52.969664+00
68	wagtailcore	0049_taskstate_finished_by	2023-11-07 17:01:53.045097+00
69	wagtailcore	0050_workflow_rejected_to_needs_changes	2023-11-07 17:01:53.077907+00
70	wagtailcore	0051_taskstate_comment	2023-11-07 17:01:53.093641+00
71	wagtailcore	0052_pagelogentry	2023-11-07 17:01:53.131709+00
72	wagtailcore	0053_locale_model	2023-11-07 17:01:53.142347+00
73	wagtailcore	0054_initial_locale	2023-11-07 17:01:53.157269+00
74	wagtailcore	0055_page_locale_fields	2023-11-07 17:01:53.198909+00
75	wagtailcore	0056_page_locale_fields_populate	2023-11-07 17:01:53.216821+00
76	wagtailcore	0057_page_locale_fields_notnull	2023-11-07 17:01:53.247155+00
77	wagtailcore	0058_page_alias_of	2023-11-07 17:01:53.269683+00
78	wagtailcore	0059_apply_collection_ordering	2023-11-07 17:01:53.286419+00
79	wagtailcore	0060_fix_workflow_unique_constraint	2023-11-07 17:01:53.31332+00
80	wagtailcore	0061_change_promote_tab_helpt_text_and_verbose_names	2023-11-07 17:01:53.33416+00
81	wagtailcore	0062_comment_models_and_pagesubscription	2023-11-07 17:01:53.419476+00
82	wagtailcore	0063_modellogentry	2023-11-07 17:01:53.461792+00
83	wagtailcore	0064_log_timestamp_indexes	2023-11-07 17:01:53.49074+00
84	wagtailcore	0065_log_entry_uuid	2023-11-07 17:01:53.514535+00
85	wagtailcore	0066_collection_management_permissions	2023-11-07 17:01:53.595118+00
86	wagtailcore	0067_alter_pagerevision_content_json	2023-11-07 17:01:53.638937+00
87	wagtailcore	0068_log_entry_empty_object	2023-11-07 17:01:53.658186+00
88	wagtailcore	0069_log_entry_jsonfield	2023-11-07 17:01:53.746172+00
89	taggit	0001_initial	2023-11-07 17:01:53.793952+00
90	taggit	0002_auto_20150616_2121	2023-11-07 17:01:53.804479+00
91	taggit	0003_taggeditem_add_unique_index	2023-11-07 17:01:53.817434+00
92	taggit	0004_alter_taggeditem_content_type_alter_taggeditem_tag	2023-11-07 17:01:53.846091+00
93	sitecore	0001_initial	2023-11-07 17:01:54.251614+00
94	article	0001_initial	2023-11-07 17:01:54.362607+00
95	event	0001_initial	2023-11-07 17:01:54.438413+00
96	home	0001_initial	2023-11-07 17:01:54.478851+00
97	sessions	0001_initial	2023-11-07 17:01:54.491255+00
98	sitecore	0002_alter_siteimage_file_alter_siterendition_file	2023-11-07 17:01:54.521887+00
99	taggit	0005_auto_20220424_2025	2023-11-07 17:01:54.551462+00
100	wagtailadmin	0001_create_admin_access_permissions	2023-11-07 17:01:54.586517+00
101	wagtailadmin	0002_admin	2023-11-07 17:01:54.591951+00
102	wagtailadmin	0003_admin_managed	2023-11-07 17:01:54.602169+00
103	wagtailcore	0070_rename_pagerevision_revision	2023-11-07 17:01:54.923199+00
104	wagtailcore	0071_populate_revision_content_type	2023-11-07 17:01:54.952468+00
105	wagtailcore	0072_alter_revision_content_type_notnull	2023-11-07 17:01:55.012275+00
106	wagtailcore	0073_page_latest_revision	2023-11-07 17:01:55.051462+00
107	wagtailcore	0074_revision_object_str	2023-11-07 17:01:55.068101+00
108	wagtailcore	0075_populate_latest_revision_and_revision_object_str	2023-11-07 17:01:55.192088+00
109	wagtailcore	0076_modellogentry_revision	2023-11-07 17:01:55.222676+00
110	wagtailcore	0077_alter_revision_user	2023-11-07 17:01:55.250338+00
111	wagtailcore	0078_referenceindex	2023-11-07 17:01:55.295496+00
112	wagtailcore	0079_rename_taskstate_page_revision	2023-11-07 17:01:55.313653+00
113	wagtailcore	0080_generic_workflowstate	2023-11-07 17:01:55.52373+00
114	wagtailcore	0081_populate_workflowstate_content_type	2023-11-07 17:01:55.551645+00
115	wagtailcore	0082_alter_workflowstate_content_type_notnull	2023-11-07 17:01:55.66152+00
116	wagtailcore	0083_workflowcontenttype	2023-11-07 17:01:55.703121+00
117	wagtailcore	0084_add_default_page_permissions	2023-11-07 17:01:55.723812+00
118	wagtailcore	0085_add_grouppagepermission_permission	2023-11-07 17:01:55.775924+00
119	wagtailcore	0086_populate_grouppagepermission_permission	2023-11-07 17:01:55.867502+00
120	wagtailcore	0087_alter_grouppagepermission_unique_together_and_more	2023-11-07 17:01:55.928722+00
121	wagtailcore	0088_fix_log_entry_json_timestamps	2023-11-07 17:01:55.984387+00
122	wagtailcore	0089_log_entry_data_json_null_to_object	2023-11-07 17:01:56.013107+00
123	wagtaildocs	0001_initial	2023-11-07 17:01:56.104348+00
124	wagtaildocs	0002_initial_data	2023-11-07 17:01:56.150112+00
125	wagtaildocs	0003_add_verbose_names	2023-11-07 17:01:56.206734+00
126	wagtaildocs	0004_capitalizeverbose	2023-11-07 17:01:56.31251+00
127	wagtaildocs	0005_document_collection	2023-11-07 17:01:56.349908+00
128	wagtaildocs	0006_copy_document_permissions_to_collections	2023-11-07 17:01:56.385965+00
129	wagtaildocs	0005_alter_uploaded_by_user_on_delete_action	2023-11-07 17:01:56.413359+00
130	wagtaildocs	0007_merge	2023-11-07 17:01:56.416668+00
131	wagtaildocs	0008_document_file_size	2023-11-07 17:01:56.498006+00
132	wagtaildocs	0009_document_verbose_name_plural	2023-11-07 17:01:56.514146+00
133	wagtaildocs	0010_document_file_hash	2023-11-07 17:01:56.531902+00
134	wagtaildocs	0011_add_choose_permissions	2023-11-07 17:01:56.600495+00
135	wagtaildocs	0012_uploadeddocument	2023-11-07 17:01:56.6401+00
136	wagtailembeds	0001_initial	2023-11-07 17:01:56.653469+00
137	wagtailembeds	0002_add_verbose_names	2023-11-07 17:01:56.657965+00
138	wagtailembeds	0003_capitalizeverbose	2023-11-07 17:01:56.662971+00
139	wagtailembeds	0004_embed_verbose_name_plural	2023-11-07 17:01:56.66731+00
140	wagtailembeds	0005_specify_thumbnail_url_max_length	2023-11-07 17:01:56.672776+00
141	wagtailembeds	0006_add_embed_hash	2023-11-07 17:01:56.678943+00
142	wagtailembeds	0007_populate_hash	2023-11-07 17:01:56.707025+00
143	wagtailembeds	0008_allow_long_urls	2023-11-07 17:01:56.731142+00
144	wagtailembeds	0009_embed_cache_until	2023-11-07 17:01:56.741206+00
145	wagtailforms	0001_initial	2023-11-07 17:01:56.777797+00
146	wagtailforms	0002_add_verbose_names	2023-11-07 17:01:56.798173+00
147	wagtailforms	0003_capitalizeverbose	2023-11-07 17:01:56.817597+00
148	wagtailforms	0004_add_verbose_name_plural	2023-11-07 17:01:56.829946+00
149	wagtailforms	0005_alter_formsubmission_form_data	2023-11-07 17:01:56.849952+00
150	wagtailimages	0001_initial	2023-11-07 17:01:57.054901+00
151	wagtailimages	0002_initial_data	2023-11-07 17:01:57.05737+00
152	wagtailimages	0003_fix_focal_point_fields	2023-11-07 17:01:57.059637+00
153	wagtailimages	0004_make_focal_point_key_not_nullable	2023-11-07 17:01:57.061694+00
154	wagtailimages	0005_make_filter_spec_unique	2023-11-07 17:01:57.064069+00
155	wagtailimages	0006_add_verbose_names	2023-11-07 17:01:57.066158+00
156	wagtailimages	0007_image_file_size	2023-11-07 17:01:57.068272+00
157	wagtailimages	0008_image_created_at_index	2023-11-07 17:01:57.070582+00
158	wagtailimages	0009_capitalizeverbose	2023-11-07 17:01:57.072747+00
159	wagtailimages	0010_change_on_delete_behaviour	2023-11-07 17:01:57.074932+00
160	wagtailimages	0011_image_collection	2023-11-07 17:01:57.077467+00
161	wagtailimages	0012_copy_image_permissions_to_collections	2023-11-07 17:01:57.079817+00
162	wagtailimages	0013_make_rendition_upload_callable	2023-11-07 17:01:57.082207+00
163	wagtailimages	0014_add_filter_spec_field	2023-11-07 17:01:57.084644+00
164	wagtailimages	0015_fill_filter_spec_field	2023-11-07 17:01:57.087013+00
165	wagtailimages	0016_deprecate_rendition_filter_relation	2023-11-07 17:01:57.089271+00
166	wagtailimages	0017_reduce_focal_point_key_max_length	2023-11-07 17:01:57.091634+00
167	wagtailimages	0018_remove_rendition_filter	2023-11-07 17:01:57.093885+00
168	wagtailimages	0019_delete_filter	2023-11-07 17:01:57.096174+00
169	wagtailimages	0020_add-verbose-name	2023-11-07 17:01:57.098394+00
170	wagtailimages	0021_image_file_hash	2023-11-07 17:01:57.100434+00
171	wagtailimages	0022_uploadedimage	2023-11-07 17:01:57.14714+00
172	wagtailimages	0023_add_choose_permissions	2023-11-07 17:01:57.231627+00
173	wagtailimages	0024_index_image_file_hash	2023-11-07 17:01:57.257923+00
174	wagtailimages	0025_alter_image_file_alter_rendition_file	2023-11-07 17:01:57.281575+00
175	wagtailmedia	0001_initial	2023-11-07 17:01:57.32535+00
176	wagtailmedia	0002_initial_data	2023-11-07 17:01:57.3663+00
177	wagtailmedia	0003_copy_media_permissions_to_collections	2023-11-07 17:01:57.462891+00
178	wagtailmedia	0004_duration_optional_floatfield	2023-11-07 17:01:57.495137+00
179	wagtailmenus	0001_initial	2023-11-07 17:01:57.683523+00
180	wagtailmenus	0002_auto_20160129_0901	2023-11-07 17:01:57.708489+00
181	wagtailmenus	0003_auto_20160129_2339	2023-11-07 17:01:57.814513+00
182	wagtailmenus	0004_auto_20160130_0024	2023-11-07 17:01:57.83857+00
183	wagtailmenus	0005_auto_20160130_2209	2023-11-07 17:01:57.956494+00
184	wagtailmenus	0006_auto_20160131_1347	2023-11-07 17:01:57.991238+00
185	wagtailmenus	0007_auto_20160131_2000	2023-11-07 17:01:58.075757+00
186	wagtailmenus	0008_auto_20160131_2327	2023-11-07 17:01:58.167433+00
187	wagtailmenus	0009_auto_20160201_0859	2023-11-07 17:01:58.185899+00
188	wagtailmenus	0010_auto_20160201_1558	2023-11-07 17:01:58.201154+00
189	wagtailmenus	0011_auto_20160415_1519	2023-11-07 17:01:58.228154+00
190	wagtailmenus	0012_auto_20160419_0039	2023-11-07 17:01:58.455916+00
191	wagtailmenus	0013_auto_20160423_1124	2023-11-07 17:01:58.485518+00
192	wagtailmenus	0014_auto_20160423_1339	2023-11-07 17:01:58.509987+00
193	wagtailmenus	0015_auto_20160423_1348	2023-11-07 17:01:58.53406+00
194	wagtailmenus	0016_auto_20160930_0645	2023-11-07 17:01:58.560047+00
195	wagtailmenus	0017_auto_20161013_1658	2023-11-07 17:01:58.612991+00
196	wagtailmenus	0018_auto_20161204_2043	2023-11-07 17:01:58.631675+00
197	wagtailmenus	0019_auto_20161204_2143	2023-11-07 17:01:58.644472+00
198	wagtailmenus	0020_auto_20161210_0004	2023-11-07 17:01:58.82466+00
199	wagtailmenus	0021_auto_20170106_2352	2023-11-07 17:01:58.854393+00
200	wagtailmenus	0022_auto_20170913_2125	2023-11-07 17:01:58.878903+00
201	wagtailmenus	0023_remove_use_specific	2023-11-07 17:01:58.895491+00
202	wagtailmenus	0024_initial	2023-11-07 17:01:59.071329+00
203	wagtailmenus	0025_alter_flatmenu_id_alter_flatmenuitem_id_and_more	2023-11-07 17:01:59.296662+00
204	wagtailredirects	0001_initial	2023-11-07 17:01:59.350678+00
205	wagtailredirects	0002_add_verbose_names	2023-11-07 17:01:59.393521+00
206	wagtailredirects	0003_make_site_field_editable	2023-11-07 17:01:59.426222+00
207	wagtailredirects	0004_set_unique_on_path_and_site	2023-11-07 17:01:59.465517+00
208	wagtailredirects	0005_capitalizeverbose	2023-11-07 17:01:59.569071+00
209	wagtailredirects	0006_redirect_increase_max_length	2023-11-07 17:01:59.591057+00
210	wagtailredirects	0007_add_autocreate_fields	2023-11-07 17:01:59.703175+00
211	wagtailredirects	0008_add_verbose_name_plural	2023-11-07 17:01:59.718865+00
212	wagtailsearch	0001_initial	2023-11-07 17:01:59.812128+00
213	wagtailsearch	0002_add_verbose_names	2023-11-07 17:01:59.872676+00
214	wagtailsearch	0003_remove_editors_pick	2023-11-07 17:01:59.876787+00
215	wagtailsearch	0004_querydailyhits_verbose_name_plural	2023-11-07 17:01:59.882579+00
216	wagtailsearch	0005_create_indexentry	2023-11-07 17:01:59.944928+00
217	wagtailsearch	0006_customise_indexentry	2023-11-07 17:02:00.007905+00
218	wagtailsearch	0007_delete_editorspick	2023-11-07 17:02:00.014488+00
219	wagtailusers	0001_initial	2023-11-07 17:02:00.0642+00
220	wagtailusers	0002_add_verbose_name_on_userprofile	2023-11-07 17:02:00.173927+00
221	wagtailusers	0003_add_verbose_names	2023-11-07 17:02:00.195028+00
222	wagtailusers	0004_capitalizeverbose	2023-11-07 17:02:00.249039+00
223	wagtailusers	0005_make_related_name_wagtail_specific	2023-11-07 17:02:00.283791+00
224	wagtailusers	0006_userprofile_prefered_language	2023-11-07 17:02:00.30154+00
225	wagtailusers	0007_userprofile_current_time_zone	2023-11-07 17:02:00.322034+00
226	wagtailusers	0008_userprofile_avatar	2023-11-07 17:02:00.342142+00
227	wagtailusers	0009_userprofile_verbose_name_plural	2023-11-07 17:02:00.361544+00
228	wagtailusers	0010_userprofile_updated_comments_notifications	2023-11-07 17:02:00.377884+00
229	wagtailusers	0011_userprofile_dismissibles	2023-11-07 17:02:00.398695+00
230	wagtailusers	0012_userprofile_theme	2023-11-07 17:02:00.415877+00
231	wagtailimages	0001_squashed_0021	2023-11-07 17:02:00.424021+00
232	wagtailcore	0001_squashed_0016_change_page_url_path_to_text_field	2023-11-07 17:02:00.427223+00
\.


--
-- Data for Name: django_session; Type: TABLE DATA; Schema: public; Owner: productivity_lab
--

COPY public.django_session (session_key, session_data, expire_date) FROM stdin;
0mm5stpx5mxgjrq7a2tyz9hzomouoj6n	.eJxVjssOwiAURP-FtSEUyqtL934DucDFogaa0iYa479rTRe6nXNmMk_iYF1GtzacXY5kIB05_GYewhXLBuIFyrnSUMsyZ083he600VONeDvu7t_ACG38tIXlvcKoQXKDLMgkemO49QmEMIxLAxrQeq409kIJbTqbGOeQOhlUtN9XDVvLtTi8T3l-kIG93llvPjE:1r0PT9:tVTkkibfuaMQsVpW798T5gX4_ZNFpHllPCepWtvcl7I	2023-11-21 17:02:27.548385+00
\.


--
-- Data for Name: event_eventindexpage; Type: TABLE DATA; Schema: public; Owner: productivity_lab
--

COPY public.event_eventindexpage (sitepage_ptr_id, intro, per_page, events_date_filter, events_date_order, display_title, display_intro, no_listing_text, index_root_page_id, listing_image_id) FROM stdin;
\.


--
-- Data for Name: event_eventpage; Type: TABLE DATA; Schema: public; Owner: productivity_lab
--

COPY public.event_eventpage (sitepage_ptr_id, author, intro, location, location_link, body, dates, event_type, start_date, end_date, duration, event_type_name, event_image_id) FROM stdin;
\.


--
-- Data for Name: home_homepage; Type: TABLE DATA; Schema: public; Owner: productivity_lab
--

COPY public.home_homepage (sitepage_ptr_id, intro, body, splash_content, splash_text_align, splash_text_colour, splash_bg_colour, splash_border_radius, splash_height, inset_content, inset_text_align, inset_text_colour, inset_bg_colour, inset_border_radius, inset_style, display_title, display_intro, splash_image_id) FROM stdin;
3	[]	[]	[]	text-center	text-white	bg-transparent	15	50	[]	text-center	text-primary	bg-transparent	15	container inset inset-raised	t	t	\N
\.


--
-- Data for Name: sitecore_carouselsnippet; Type: TABLE DATA; Schema: public; Owner: productivity_lab
--

COPY public.sitecore_carouselsnippet (id, title, display_title, title_colour, title_align, animate, ride, crossfade, "interval", pause, wrap, show_controls, show_indicators, slides) FROM stdin;
\.


--
-- Data for Name: sitecore_emailsettings; Type: TABLE DATA; Schema: public; Owner: productivity_lab
--

COPY public.sitecore_emailsettings (id, from_email, approval_email_subject, approval_email_content, site_id) FROM stdin;
\.


--
-- Data for Name: sitecore_iconcarddecksnippet; Type: TABLE DATA; Schema: public; Owner: productivity_lab
--

COPY public.sitecore_iconcarddecksnippet (id, title, text_align, text_colour, bg_colour, border_colour, icon_size, icon_size_unit, button_colour, button_size, display_title, cards) FROM stdin;
\.


--
-- Data for Name: sitecore_siteimage; Type: TABLE DATA; Schema: public; Owner: productivity_lab
--

COPY public.sitecore_siteimage (id, title, file, width, height, created_at, focal_point_x, focal_point_y, focal_point_width, focal_point_height, file_size, file_hash, alt_text, caption, collection_id, uploaded_by_user_id) FROM stdin;
\.


--
-- Data for Name: sitecore_sitepage; Type: TABLE DATA; Schema: public; Owner: productivity_lab
--

COPY public.sitecore_sitepage (page_ptr_id, menu_label) FROM stdin;
3	
\.


--
-- Data for Name: sitecore_sitepagetags; Type: TABLE DATA; Schema: public; Owner: productivity_lab
--

COPY public.sitecore_sitepagetags (id, content_object_id, tag_id) FROM stdin;
\.


--
-- Data for Name: sitecore_siterendition; Type: TABLE DATA; Schema: public; Owner: productivity_lab
--

COPY public.sitecore_siterendition (id, filter_spec, file, width, height, focal_point_key, image_id) FROM stdin;
\.


--
-- Data for Name: sitecore_sitesearchindexpage; Type: TABLE DATA; Schema: public; Owner: productivity_lab
--

COPY public.sitecore_sitesearchindexpage (sitepage_ptr_id, intro, per_page, display_title, display_intro, sidebar_placement) FROM stdin;
\.


--
-- Data for Name: sitecore_sitesettings; Type: TABLE DATA; Schema: public; Owner: productivity_lab
--

COPY public.sitecore_sitesettings (id, bootstrap_theme, code_theme, brand_icon, brand_name, brand_link, navbar_expand, navbar_text_colour_mode, navbar_background_colour, navbar_outer_class, twitter, social_share, ga_tracking_id, meta_description, meta_keywords, meta_author, password_text, brand_logo_id, password_image_id, site_id) FROM stdin;
1	pulse	coy	fa fa-home			lg	navbar-dark	bg-primary	container		t						\N	\N	1
\.


--
-- Data for Name: sitecore_sitetagindexpage; Type: TABLE DATA; Schema: public; Owner: productivity_lab
--

COPY public.sitecore_sitetagindexpage (sitepage_ptr_id, intro, per_page, display_title, display_intro, sidebar_placement) FROM stdin;
\.


--
-- Data for Name: sitecore_textsnippet; Type: TABLE DATA; Schema: public; Owner: productivity_lab
--

COPY public.sitecore_textsnippet (id, title, text) FROM stdin;
\.


--
-- Data for Name: sitecore_textsnippettag; Type: TABLE DATA; Schema: public; Owner: productivity_lab
--

COPY public.sitecore_textsnippettag (id, content_object_id, tag_id) FROM stdin;
\.


--
-- Data for Name: siteuser_user; Type: TABLE DATA; Schema: public; Owner: productivity_lab
--

COPY public.siteuser_user (id, password, last_login, is_superuser, username, first_name, last_name, email, is_staff, is_active, date_joined, bio, team, job_title, country, twitter, receive_submission_notify_email) FROM stdin;
1	pbkdf2_sha256$600000$w7XCOZq5lounmdIemfs8pf$6Ts0Jv6RDP5SM/VkKkdJIM8H1oLg1af/6F2DVKjKGAY=	2023-11-07 17:02:27.546175+00	t	test				t	t	2023-11-07 17:02:11.424486+00						f
\.


--
-- Data for Name: siteuser_user_groups; Type: TABLE DATA; Schema: public; Owner: productivity_lab
--

COPY public.siteuser_user_groups (id, user_id, group_id) FROM stdin;
\.


--
-- Data for Name: siteuser_user_user_permissions; Type: TABLE DATA; Schema: public; Owner: productivity_lab
--

COPY public.siteuser_user_user_permissions (id, user_id, permission_id) FROM stdin;
\.


--
-- Data for Name: taggit_tag; Type: TABLE DATA; Schema: public; Owner: productivity_lab
--

COPY public.taggit_tag (id, name, slug) FROM stdin;
\.


--
-- Data for Name: taggit_taggeditem; Type: TABLE DATA; Schema: public; Owner: productivity_lab
--

COPY public.taggit_taggeditem (id, object_id, content_type_id, tag_id) FROM stdin;
\.


--
-- Data for Name: wagtailadmin_admin; Type: TABLE DATA; Schema: public; Owner: productivity_lab
--

COPY public.wagtailadmin_admin (id) FROM stdin;
\.


--
-- Data for Name: wagtailcore_collection; Type: TABLE DATA; Schema: public; Owner: productivity_lab
--

COPY public.wagtailcore_collection (id, path, depth, numchild, name) FROM stdin;
1	0001	1	0	Root
\.


--
-- Data for Name: wagtailcore_collectionviewrestriction; Type: TABLE DATA; Schema: public; Owner: productivity_lab
--

COPY public.wagtailcore_collectionviewrestriction (id, restriction_type, password, collection_id) FROM stdin;
\.


--
-- Data for Name: wagtailcore_collectionviewrestriction_groups; Type: TABLE DATA; Schema: public; Owner: productivity_lab
--

COPY public.wagtailcore_collectionviewrestriction_groups (id, collectionviewrestriction_id, group_id) FROM stdin;
\.


--
-- Data for Name: wagtailcore_comment; Type: TABLE DATA; Schema: public; Owner: productivity_lab
--

COPY public.wagtailcore_comment (id, text, contentpath, "position", created_at, updated_at, resolved_at, page_id, resolved_by_id, revision_created_id, user_id) FROM stdin;
\.


--
-- Data for Name: wagtailcore_commentreply; Type: TABLE DATA; Schema: public; Owner: productivity_lab
--

COPY public.wagtailcore_commentreply (id, text, created_at, updated_at, comment_id, user_id) FROM stdin;
\.


--
-- Data for Name: wagtailcore_groupapprovaltask; Type: TABLE DATA; Schema: public; Owner: productivity_lab
--

COPY public.wagtailcore_groupapprovaltask (task_ptr_id) FROM stdin;
1
\.


--
-- Data for Name: wagtailcore_groupapprovaltask_groups; Type: TABLE DATA; Schema: public; Owner: productivity_lab
--

COPY public.wagtailcore_groupapprovaltask_groups (id, groupapprovaltask_id, group_id) FROM stdin;
1	1	1
\.


--
-- Data for Name: wagtailcore_groupcollectionpermission; Type: TABLE DATA; Schema: public; Owner: productivity_lab
--

COPY public.wagtailcore_groupcollectionpermission (id, collection_id, group_id, permission_id) FROM stdin;
1	1	1	98
2	1	2	98
3	1	1	99
4	1	2	99
5	1	1	101
6	1	2	101
7	1	1	102
8	1	2	102
9	1	1	103
10	1	2	103
11	1	1	105
12	1	2	105
13	1	1	106
14	1	2	106
15	1	1	107
16	1	2	107
\.


--
-- Data for Name: wagtailcore_grouppagepermission; Type: TABLE DATA; Schema: public; Owner: productivity_lab
--

COPY public.wagtailcore_grouppagepermission (id, permission_type, group_id, page_id, permission_id) FROM stdin;
1	add	1	1	30
2	change	1	1	31
3	publish	1	1	36
4	add	2	1	30
5	change	2	1	31
6	lock	1	1	35
7	unlock	1	1	37
\.


--
-- Data for Name: wagtailcore_locale; Type: TABLE DATA; Schema: public; Owner: productivity_lab
--

COPY public.wagtailcore_locale (id, language_code) FROM stdin;
1	en-gb
\.


--
-- Data for Name: wagtailcore_modellogentry; Type: TABLE DATA; Schema: public; Owner: productivity_lab
--

COPY public.wagtailcore_modellogentry (id, label, action, data, "timestamp", content_changed, deleted, object_id, content_type_id, user_id, uuid, revision_id) FROM stdin;
1	AMBS Productivity Lab [default]	wagtail.edit	{}	2023-11-07 17:05:13.954447+00	t	f	1	5	1	0fc8c69d-1084-41c5-856e-bb7645e82c8e	\N
\.


--
-- Data for Name: wagtailcore_page; Type: TABLE DATA; Schema: public; Owner: productivity_lab
--

COPY public.wagtailcore_page (id, path, depth, numchild, title, slug, live, has_unpublished_changes, url_path, seo_title, show_in_menus, search_description, go_live_at, expire_at, expired, content_type_id, owner_id, locked, latest_revision_created_at, first_published_at, live_revision_id, last_published_at, draft_title, locked_at, locked_by_id, translation_key, locale_id, alias_of_id, latest_revision_id) FROM stdin;
1	0001	1	1	Root	root	t	f	/		f		\N	\N	f	1	\N	f	\N	\N	\N	\N	Root	\N	\N	e2948cf7-82de-45b0-b9a7-a374362c98bb	1	\N	\N
3	00010002	2	0	AMBS Productivity Lab	homepage	t	t	/homepage/		f		\N	\N	f	41	1	f	2023-11-07 17:06:00.640186+00	2023-11-07 17:03:30.762072+00	1	2023-11-07 17:03:30.762072+00	AMBS Productivity Lab	\N	\N	9f81e70d-0fdd-46ce-8663-110e8f1d08b9	1	\N	2
\.


--
-- Data for Name: wagtailcore_pagelogentry; Type: TABLE DATA; Schema: public; Owner: productivity_lab
--

COPY public.wagtailcore_pagelogentry (id, label, action, data, "timestamp", content_changed, deleted, content_type_id, page_id, revision_id, user_id, uuid) FROM stdin;
1	AMBS Productivity Lab	wagtail.create	{}	2023-11-07 17:03:30.717925+00	t	f	41	3	\N	1	e3881255-0676-4cd6-9233-4352c0cda506
2	AMBS Productivity Lab	wagtail.edit	{}	2023-11-07 17:03:30.74909+00	t	f	41	3	1	1	e3881255-0676-4cd6-9233-4352c0cda506
3	AMBS Productivity Lab	wagtail.publish	{}	2023-11-07 17:03:30.792864+00	t	f	41	3	1	1	e3881255-0676-4cd6-9233-4352c0cda506
4	Welcome to your new Wagtail site!	wagtail.delete	{}	2023-11-07 17:05:27.943863+00	f	t	1	2	\N	1	84590cbd-73e5-441c-a610-e1f627e1cd0a
5	AMBS Productivity Lab	wagtail.edit	{}	2023-11-07 17:06:00.660473+00	t	f	41	3	2	1	0664a106-a370-4b57-bf37-6900b01abbb6
\.


--
-- Data for Name: wagtailcore_pagesubscription; Type: TABLE DATA; Schema: public; Owner: productivity_lab
--

COPY public.wagtailcore_pagesubscription (id, comment_notifications, page_id, user_id) FROM stdin;
1	t	3	1
\.


--
-- Data for Name: wagtailcore_pageviewrestriction; Type: TABLE DATA; Schema: public; Owner: productivity_lab
--

COPY public.wagtailcore_pageviewrestriction (id, password, page_id, restriction_type) FROM stdin;
\.


--
-- Data for Name: wagtailcore_pageviewrestriction_groups; Type: TABLE DATA; Schema: public; Owner: productivity_lab
--

COPY public.wagtailcore_pageviewrestriction_groups (id, pageviewrestriction_id, group_id) FROM stdin;
\.


--
-- Data for Name: wagtailcore_referenceindex; Type: TABLE DATA; Schema: public; Owner: productivity_lab
--

COPY public.wagtailcore_referenceindex (id, object_id, to_object_id, model_path, content_path, content_path_hash, base_content_type_id, content_type_id, to_content_type_id) FROM stdin;
\.


--
-- Data for Name: wagtailcore_revision; Type: TABLE DATA; Schema: public; Owner: productivity_lab
--

COPY public.wagtailcore_revision (id, submitted_for_moderation, created_at, content, approved_go_live_at, object_id, user_id, content_type_id, base_content_type_id, object_str) FROM stdin;
1	f	2023-11-07 17:03:30.732232+00	{"pk": 3, "body": "[]", "live": true, "path": "00010002", "slug": "homepage", "depth": 2, "intro": "[]", "owner": 1, "title": "AMBS Productivity Lab", "locale": 1, "locked": false, "expired": false, "alias_of": null, "numchild": 0, "url_path": "/homepage/", "expire_at": null, "locked_at": null, "locked_by": null, "seo_title": "", "go_live_at": null, "menu_label": "", "draft_title": "AMBS Productivity Lab", "inset_style": "container inset inset-raised", "content_type": 41, "splash_image": null, "display_intro": true, "display_title": true, "inset_content": "[]", "live_revision": null, "show_in_menus": false, "splash_height": 50, "splash_content": "[]", "inset_bg_colour": "bg-transparent", "latest_revision": null, "translation_key": "9f81e70d-0fdd-46ce-8663-110e8f1d08b9", "inset_text_align": "text-center", "splash_bg_colour": "bg-transparent", "inset_text_colour": "text-primary", "last_published_at": null, "splash_text_align": "text-center", "tagged_site_pages": [], "first_published_at": null, "search_description": "", "splash_text_colour": "text-white", "inset_border_radius": 15, "splash_border_radius": 15, "wagtail_admin_comments": [], "has_unpublished_changes": false, "latest_revision_created_at": null}	\N	3	1	41	1	AMBS Productivity Lab
2	f	2023-11-07 17:06:00.640186+00	{"pk": 3, "body": "[]", "live": true, "path": "00010002", "slug": "home", "depth": 2, "intro": "[]", "owner": 1, "title": "AMBS Productivity Lab", "locale": 1, "locked": false, "expired": false, "alias_of": null, "numchild": 0, "url_path": "/homepage/", "expire_at": null, "locked_at": null, "locked_by": null, "seo_title": "", "go_live_at": null, "menu_label": "", "draft_title": "AMBS Productivity Lab", "inset_style": "container inset inset-raised", "content_type": 41, "splash_image": null, "display_intro": true, "display_title": true, "inset_content": "[]", "live_revision": 1, "show_in_menus": false, "splash_height": 50, "splash_content": "[]", "inset_bg_colour": "bg-transparent", "latest_revision": 1, "translation_key": "9f81e70d-0fdd-46ce-8663-110e8f1d08b9", "inset_text_align": "text-center", "splash_bg_colour": "bg-transparent", "inset_text_colour": "text-primary", "last_published_at": "2023-11-07T17:03:30.762Z", "splash_text_align": "text-center", "tagged_site_pages": [], "first_published_at": "2023-11-07T17:03:30.762Z", "search_description": "", "splash_text_colour": "text-white", "inset_border_radius": 15, "splash_border_radius": 15, "wagtail_admin_comments": [], "has_unpublished_changes": false, "latest_revision_created_at": "2023-11-07T17:03:30.732Z"}	\N	3	1	41	1	AMBS Productivity Lab
\.


--
-- Data for Name: wagtailcore_site; Type: TABLE DATA; Schema: public; Owner: productivity_lab
--

COPY public.wagtailcore_site (id, hostname, port, is_default_site, root_page_id, site_name) FROM stdin;
1	localhost	80	t	3	AMBS Productivity Lab
\.


--
-- Data for Name: wagtailcore_task; Type: TABLE DATA; Schema: public; Owner: productivity_lab
--

COPY public.wagtailcore_task (id, name, active, content_type_id) FROM stdin;
1	Moderators approval	t	2
\.


--
-- Data for Name: wagtailcore_taskstate; Type: TABLE DATA; Schema: public; Owner: productivity_lab
--

COPY public.wagtailcore_taskstate (id, status, started_at, finished_at, content_type_id, revision_id, task_id, workflow_state_id, finished_by_id, comment) FROM stdin;
\.


--
-- Data for Name: wagtailcore_workflow; Type: TABLE DATA; Schema: public; Owner: productivity_lab
--

COPY public.wagtailcore_workflow (id, name, active) FROM stdin;
1	Moderators approval	t
\.


--
-- Data for Name: wagtailcore_workflowcontenttype; Type: TABLE DATA; Schema: public; Owner: productivity_lab
--

COPY public.wagtailcore_workflowcontenttype (content_type_id, workflow_id) FROM stdin;
\.


--
-- Data for Name: wagtailcore_workflowpage; Type: TABLE DATA; Schema: public; Owner: productivity_lab
--

COPY public.wagtailcore_workflowpage (page_id, workflow_id) FROM stdin;
1	1
\.


--
-- Data for Name: wagtailcore_workflowstate; Type: TABLE DATA; Schema: public; Owner: productivity_lab
--

COPY public.wagtailcore_workflowstate (id, status, created_at, current_task_state_id, object_id, requested_by_id, workflow_id, content_type_id, base_content_type_id) FROM stdin;
\.


--
-- Data for Name: wagtailcore_workflowtask; Type: TABLE DATA; Schema: public; Owner: productivity_lab
--

COPY public.wagtailcore_workflowtask (id, sort_order, task_id, workflow_id) FROM stdin;
1	0	1	1
\.


--
-- Data for Name: wagtaildocs_document; Type: TABLE DATA; Schema: public; Owner: productivity_lab
--

COPY public.wagtaildocs_document (id, title, file, created_at, uploaded_by_user_id, collection_id, file_size, file_hash) FROM stdin;
\.


--
-- Data for Name: wagtaildocs_uploadeddocument; Type: TABLE DATA; Schema: public; Owner: productivity_lab
--

COPY public.wagtaildocs_uploadeddocument (id, file, uploaded_by_user_id) FROM stdin;
\.


--
-- Data for Name: wagtailembeds_embed; Type: TABLE DATA; Schema: public; Owner: productivity_lab
--

COPY public.wagtailembeds_embed (id, url, max_width, type, html, title, author_name, provider_name, thumbnail_url, width, height, last_updated, hash, cache_until) FROM stdin;
\.


--
-- Data for Name: wagtailforms_formsubmission; Type: TABLE DATA; Schema: public; Owner: productivity_lab
--

COPY public.wagtailforms_formsubmission (id, form_data, submit_time, page_id) FROM stdin;
\.


--
-- Data for Name: wagtailimages_image; Type: TABLE DATA; Schema: public; Owner: productivity_lab
--

COPY public.wagtailimages_image (id, title, file, width, height, created_at, focal_point_x, focal_point_y, focal_point_width, focal_point_height, uploaded_by_user_id, file_size, collection_id, file_hash) FROM stdin;
\.


--
-- Data for Name: wagtailimages_rendition; Type: TABLE DATA; Schema: public; Owner: productivity_lab
--

COPY public.wagtailimages_rendition (id, file, width, height, focal_point_key, filter_spec, image_id) FROM stdin;
\.


--
-- Data for Name: wagtailimages_uploadedimage; Type: TABLE DATA; Schema: public; Owner: productivity_lab
--

COPY public.wagtailimages_uploadedimage (id, file, uploaded_by_user_id) FROM stdin;
\.


--
-- Data for Name: wagtailmedia_media; Type: TABLE DATA; Schema: public; Owner: productivity_lab
--

COPY public.wagtailmedia_media (id, title, file, type, duration, width, height, thumbnail, created_at, collection_id, uploaded_by_user_id) FROM stdin;
\.


--
-- Data for Name: wagtailmenus_flatmenu; Type: TABLE DATA; Schema: public; Owner: productivity_lab
--

COPY public.wagtailmenus_flatmenu (id, title, handle, heading, site_id, max_levels) FROM stdin;
\.


--
-- Data for Name: wagtailmenus_flatmenuitem; Type: TABLE DATA; Schema: public; Owner: productivity_lab
--

COPY public.wagtailmenus_flatmenuitem (id, sort_order, link_text, link_url, link_page_id, menu_id, url_append, allow_subnav, handle) FROM stdin;
\.


--
-- Data for Name: wagtailmenus_mainmenu; Type: TABLE DATA; Schema: public; Owner: productivity_lab
--

COPY public.wagtailmenus_mainmenu (id, site_id, max_levels) FROM stdin;
\.


--
-- Data for Name: wagtailmenus_mainmenuitem; Type: TABLE DATA; Schema: public; Owner: productivity_lab
--

COPY public.wagtailmenus_mainmenuitem (id, sort_order, link_text, link_url, link_page_id, menu_id, allow_subnav, url_append, handle) FROM stdin;
\.


--
-- Data for Name: wagtailredirects_redirect; Type: TABLE DATA; Schema: public; Owner: productivity_lab
--

COPY public.wagtailredirects_redirect (id, old_path, is_permanent, redirect_link, redirect_page_id, site_id, automatically_created, created_at, redirect_page_route_path) FROM stdin;
\.


--
-- Data for Name: wagtailsearch_indexentry; Type: TABLE DATA; Schema: public; Owner: productivity_lab
--

COPY public.wagtailsearch_indexentry (id, object_id, title_norm, content_type_id, autocomplete, title, body) FROM stdin;
4	1	2	1	'root':1	'root':1B	
1	3	0.6666666666666666	41	'ambs':1 'lab':3 'productivity':2	'amb':1B 'lab':3B 'product':2B	
\.


--
-- Data for Name: wagtailsearch_query; Type: TABLE DATA; Schema: public; Owner: productivity_lab
--

COPY public.wagtailsearch_query (id, query_string) FROM stdin;
\.


--
-- Data for Name: wagtailsearch_querydailyhits; Type: TABLE DATA; Schema: public; Owner: productivity_lab
--

COPY public.wagtailsearch_querydailyhits (id, date, hits, query_id) FROM stdin;
\.


--
-- Data for Name: wagtailusers_userprofile; Type: TABLE DATA; Schema: public; Owner: productivity_lab
--

COPY public.wagtailusers_userprofile (id, submitted_notifications, approved_notifications, rejected_notifications, user_id, preferred_language, current_time_zone, avatar, updated_comments_notifications, dismissibles, theme) FROM stdin;
1	t	t	t	1				t	{}	system
\.


--
-- Name: auth_group_id_seq; Type: SEQUENCE SET; Schema: public; Owner: productivity_lab
--

SELECT pg_catalog.setval('public.auth_group_id_seq', 2, true);


--
-- Name: auth_group_permissions_id_seq; Type: SEQUENCE SET; Schema: public; Owner: productivity_lab
--

SELECT pg_catalog.setval('public.auth_group_permissions_id_seq', 24, true);


--
-- Name: auth_permission_id_seq; Type: SEQUENCE SET; Schema: public; Owner: productivity_lab
--

SELECT pg_catalog.setval('public.auth_permission_id_seq', 271, true);


--
-- Name: django_admin_log_id_seq; Type: SEQUENCE SET; Schema: public; Owner: productivity_lab
--

SELECT pg_catalog.setval('public.django_admin_log_id_seq', 1, false);


--
-- Name: django_content_type_id_seq; Type: SEQUENCE SET; Schema: public; Owner: productivity_lab
--

SELECT pg_catalog.setval('public.django_content_type_id_seq', 67, true);


--
-- Name: django_migrations_id_seq; Type: SEQUENCE SET; Schema: public; Owner: productivity_lab
--

SELECT pg_catalog.setval('public.django_migrations_id_seq', 232, true);


--
-- Name: sitecore_carouselsnippet_id_seq; Type: SEQUENCE SET; Schema: public; Owner: productivity_lab
--

SELECT pg_catalog.setval('public.sitecore_carouselsnippet_id_seq', 1, false);


--
-- Name: sitecore_emailsettings_id_seq; Type: SEQUENCE SET; Schema: public; Owner: productivity_lab
--

SELECT pg_catalog.setval('public.sitecore_emailsettings_id_seq', 1, false);


--
-- Name: sitecore_iconcarddecksnippet_id_seq; Type: SEQUENCE SET; Schema: public; Owner: productivity_lab
--

SELECT pg_catalog.setval('public.sitecore_iconcarddecksnippet_id_seq', 1, false);


--
-- Name: sitecore_siteimage_id_seq; Type: SEQUENCE SET; Schema: public; Owner: productivity_lab
--

SELECT pg_catalog.setval('public.sitecore_siteimage_id_seq', 1, false);


--
-- Name: sitecore_sitepagetags_id_seq; Type: SEQUENCE SET; Schema: public; Owner: productivity_lab
--

SELECT pg_catalog.setval('public.sitecore_sitepagetags_id_seq', 1, false);


--
-- Name: sitecore_siterendition_id_seq; Type: SEQUENCE SET; Schema: public; Owner: productivity_lab
--

SELECT pg_catalog.setval('public.sitecore_siterendition_id_seq', 1, false);


--
-- Name: sitecore_sitesettings_id_seq; Type: SEQUENCE SET; Schema: public; Owner: productivity_lab
--

SELECT pg_catalog.setval('public.sitecore_sitesettings_id_seq', 1, true);


--
-- Name: sitecore_textsnippet_id_seq; Type: SEQUENCE SET; Schema: public; Owner: productivity_lab
--

SELECT pg_catalog.setval('public.sitecore_textsnippet_id_seq', 1, false);


--
-- Name: sitecore_textsnippettag_id_seq; Type: SEQUENCE SET; Schema: public; Owner: productivity_lab
--

SELECT pg_catalog.setval('public.sitecore_textsnippettag_id_seq', 1, false);


--
-- Name: siteuser_user_groups_id_seq; Type: SEQUENCE SET; Schema: public; Owner: productivity_lab
--

SELECT pg_catalog.setval('public.siteuser_user_groups_id_seq', 1, false);


--
-- Name: siteuser_user_id_seq; Type: SEQUENCE SET; Schema: public; Owner: productivity_lab
--

SELECT pg_catalog.setval('public.siteuser_user_id_seq', 1, true);


--
-- Name: siteuser_user_user_permissions_id_seq; Type: SEQUENCE SET; Schema: public; Owner: productivity_lab
--

SELECT pg_catalog.setval('public.siteuser_user_user_permissions_id_seq', 1, false);


--
-- Name: taggit_tag_id_seq; Type: SEQUENCE SET; Schema: public; Owner: productivity_lab
--

SELECT pg_catalog.setval('public.taggit_tag_id_seq', 1, false);


--
-- Name: taggit_taggeditem_id_seq; Type: SEQUENCE SET; Schema: public; Owner: productivity_lab
--

SELECT pg_catalog.setval('public.taggit_taggeditem_id_seq', 1, false);


--
-- Name: wagtailadmin_admin_id_seq; Type: SEQUENCE SET; Schema: public; Owner: productivity_lab
--

SELECT pg_catalog.setval('public.wagtailadmin_admin_id_seq', 1, false);


--
-- Name: wagtailcore_collection_id_seq; Type: SEQUENCE SET; Schema: public; Owner: productivity_lab
--

SELECT pg_catalog.setval('public.wagtailcore_collection_id_seq', 1, true);


--
-- Name: wagtailcore_collectionviewrestriction_groups_id_seq; Type: SEQUENCE SET; Schema: public; Owner: productivity_lab
--

SELECT pg_catalog.setval('public.wagtailcore_collectionviewrestriction_groups_id_seq', 1, false);


--
-- Name: wagtailcore_collectionviewrestriction_id_seq; Type: SEQUENCE SET; Schema: public; Owner: productivity_lab
--

SELECT pg_catalog.setval('public.wagtailcore_collectionviewrestriction_id_seq', 1, false);


--
-- Name: wagtailcore_comment_id_seq; Type: SEQUENCE SET; Schema: public; Owner: productivity_lab
--

SELECT pg_catalog.setval('public.wagtailcore_comment_id_seq', 1, false);


--
-- Name: wagtailcore_commentreply_id_seq; Type: SEQUENCE SET; Schema: public; Owner: productivity_lab
--

SELECT pg_catalog.setval('public.wagtailcore_commentreply_id_seq', 1, false);


--
-- Name: wagtailcore_groupapprovaltask_groups_id_seq; Type: SEQUENCE SET; Schema: public; Owner: productivity_lab
--

SELECT pg_catalog.setval('public.wagtailcore_groupapprovaltask_groups_id_seq', 1, true);


--
-- Name: wagtailcore_groupcollectionpermission_id_seq; Type: SEQUENCE SET; Schema: public; Owner: productivity_lab
--

SELECT pg_catalog.setval('public.wagtailcore_groupcollectionpermission_id_seq', 16, true);


--
-- Name: wagtailcore_grouppagepermission_id_seq; Type: SEQUENCE SET; Schema: public; Owner: productivity_lab
--

SELECT pg_catalog.setval('public.wagtailcore_grouppagepermission_id_seq', 7, true);


--
-- Name: wagtailcore_locale_id_seq; Type: SEQUENCE SET; Schema: public; Owner: productivity_lab
--

SELECT pg_catalog.setval('public.wagtailcore_locale_id_seq', 1, true);


--
-- Name: wagtailcore_modellogentry_id_seq; Type: SEQUENCE SET; Schema: public; Owner: productivity_lab
--

SELECT pg_catalog.setval('public.wagtailcore_modellogentry_id_seq', 1, true);


--
-- Name: wagtailcore_page_id_seq; Type: SEQUENCE SET; Schema: public; Owner: productivity_lab
--

SELECT pg_catalog.setval('public.wagtailcore_page_id_seq', 3, true);


--
-- Name: wagtailcore_pagelogentry_id_seq; Type: SEQUENCE SET; Schema: public; Owner: productivity_lab
--

SELECT pg_catalog.setval('public.wagtailcore_pagelogentry_id_seq', 5, true);


--
-- Name: wagtailcore_pagerevision_id_seq; Type: SEQUENCE SET; Schema: public; Owner: productivity_lab
--

SELECT pg_catalog.setval('public.wagtailcore_pagerevision_id_seq', 2, true);


--
-- Name: wagtailcore_pagesubscription_id_seq; Type: SEQUENCE SET; Schema: public; Owner: productivity_lab
--

SELECT pg_catalog.setval('public.wagtailcore_pagesubscription_id_seq', 1, true);


--
-- Name: wagtailcore_pageviewrestriction_groups_id_seq; Type: SEQUENCE SET; Schema: public; Owner: productivity_lab
--

SELECT pg_catalog.setval('public.wagtailcore_pageviewrestriction_groups_id_seq', 1, false);


--
-- Name: wagtailcore_pageviewrestriction_id_seq; Type: SEQUENCE SET; Schema: public; Owner: productivity_lab
--

SELECT pg_catalog.setval('public.wagtailcore_pageviewrestriction_id_seq', 1, false);


--
-- Name: wagtailcore_referenceindex_id_seq; Type: SEQUENCE SET; Schema: public; Owner: productivity_lab
--

SELECT pg_catalog.setval('public.wagtailcore_referenceindex_id_seq', 1, false);


--
-- Name: wagtailcore_site_id_seq; Type: SEQUENCE SET; Schema: public; Owner: productivity_lab
--

SELECT pg_catalog.setval('public.wagtailcore_site_id_seq', 1, true);


--
-- Name: wagtailcore_task_id_seq; Type: SEQUENCE SET; Schema: public; Owner: productivity_lab
--

SELECT pg_catalog.setval('public.wagtailcore_task_id_seq', 1, true);


--
-- Name: wagtailcore_taskstate_id_seq; Type: SEQUENCE SET; Schema: public; Owner: productivity_lab
--

SELECT pg_catalog.setval('public.wagtailcore_taskstate_id_seq', 1, false);


--
-- Name: wagtailcore_workflow_id_seq; Type: SEQUENCE SET; Schema: public; Owner: productivity_lab
--

SELECT pg_catalog.setval('public.wagtailcore_workflow_id_seq', 1, true);


--
-- Name: wagtailcore_workflowstate_id_seq; Type: SEQUENCE SET; Schema: public; Owner: productivity_lab
--

SELECT pg_catalog.setval('public.wagtailcore_workflowstate_id_seq', 1, false);


--
-- Name: wagtailcore_workflowtask_id_seq; Type: SEQUENCE SET; Schema: public; Owner: productivity_lab
--

SELECT pg_catalog.setval('public.wagtailcore_workflowtask_id_seq', 1, true);


--
-- Name: wagtaildocs_document_id_seq; Type: SEQUENCE SET; Schema: public; Owner: productivity_lab
--

SELECT pg_catalog.setval('public.wagtaildocs_document_id_seq', 1, false);


--
-- Name: wagtaildocs_uploadeddocument_id_seq; Type: SEQUENCE SET; Schema: public; Owner: productivity_lab
--

SELECT pg_catalog.setval('public.wagtaildocs_uploadeddocument_id_seq', 1, false);


--
-- Name: wagtailembeds_embed_id_seq; Type: SEQUENCE SET; Schema: public; Owner: productivity_lab
--

SELECT pg_catalog.setval('public.wagtailembeds_embed_id_seq', 1, false);


--
-- Name: wagtailforms_formsubmission_id_seq; Type: SEQUENCE SET; Schema: public; Owner: productivity_lab
--

SELECT pg_catalog.setval('public.wagtailforms_formsubmission_id_seq', 1, false);


--
-- Name: wagtailimages_image_id_seq; Type: SEQUENCE SET; Schema: public; Owner: productivity_lab
--

SELECT pg_catalog.setval('public.wagtailimages_image_id_seq', 1, false);


--
-- Name: wagtailimages_rendition_id_seq; Type: SEQUENCE SET; Schema: public; Owner: productivity_lab
--

SELECT pg_catalog.setval('public.wagtailimages_rendition_id_seq', 1, false);


--
-- Name: wagtailimages_uploadedimage_id_seq; Type: SEQUENCE SET; Schema: public; Owner: productivity_lab
--

SELECT pg_catalog.setval('public.wagtailimages_uploadedimage_id_seq', 1, false);


--
-- Name: wagtailmedia_media_id_seq; Type: SEQUENCE SET; Schema: public; Owner: productivity_lab
--

SELECT pg_catalog.setval('public.wagtailmedia_media_id_seq', 1, false);


--
-- Name: wagtailmenus_flatmenu_id_seq; Type: SEQUENCE SET; Schema: public; Owner: productivity_lab
--

SELECT pg_catalog.setval('public.wagtailmenus_flatmenu_id_seq', 1, false);


--
-- Name: wagtailmenus_flatmenuitem_id_seq; Type: SEQUENCE SET; Schema: public; Owner: productivity_lab
--

SELECT pg_catalog.setval('public.wagtailmenus_flatmenuitem_id_seq', 1, false);


--
-- Name: wagtailmenus_mainmenu_id_seq; Type: SEQUENCE SET; Schema: public; Owner: productivity_lab
--

SELECT pg_catalog.setval('public.wagtailmenus_mainmenu_id_seq', 1, false);


--
-- Name: wagtailmenus_mainmenuitem_id_seq; Type: SEQUENCE SET; Schema: public; Owner: productivity_lab
--

SELECT pg_catalog.setval('public.wagtailmenus_mainmenuitem_id_seq', 1, false);


--
-- Name: wagtailredirects_redirect_id_seq; Type: SEQUENCE SET; Schema: public; Owner: productivity_lab
--

SELECT pg_catalog.setval('public.wagtailredirects_redirect_id_seq', 1, false);


--
-- Name: wagtailsearch_indexentry_id_seq; Type: SEQUENCE SET; Schema: public; Owner: productivity_lab
--

SELECT pg_catalog.setval('public.wagtailsearch_indexentry_id_seq', 5, true);


--
-- Name: wagtailsearch_query_id_seq; Type: SEQUENCE SET; Schema: public; Owner: productivity_lab
--

SELECT pg_catalog.setval('public.wagtailsearch_query_id_seq', 1, false);


--
-- Name: wagtailsearch_querydailyhits_id_seq; Type: SEQUENCE SET; Schema: public; Owner: productivity_lab
--

SELECT pg_catalog.setval('public.wagtailsearch_querydailyhits_id_seq', 1, false);


--
-- Name: wagtailusers_userprofile_id_seq; Type: SEQUENCE SET; Schema: public; Owner: productivity_lab
--

SELECT pg_catalog.setval('public.wagtailusers_userprofile_id_seq', 1, true);


--
-- Name: article_articleindexbydatepage article_articleindexbydatepage_pkey; Type: CONSTRAINT; Schema: public; Owner: productivity_lab
--

ALTER TABLE ONLY public.article_articleindexbydatepage
    ADD CONSTRAINT article_articleindexbydatepage_pkey PRIMARY KEY (articleindexpage_ptr_id);


--
-- Name: article_articleindexpage article_articleindexpage_pkey; Type: CONSTRAINT; Schema: public; Owner: productivity_lab
--

ALTER TABLE ONLY public.article_articleindexpage
    ADD CONSTRAINT article_articleindexpage_pkey PRIMARY KEY (sitepage_ptr_id);


--
-- Name: article_articlepage article_articlepage_pkey; Type: CONSTRAINT; Schema: public; Owner: productivity_lab
--

ALTER TABLE ONLY public.article_articlepage
    ADD CONSTRAINT article_articlepage_pkey PRIMARY KEY (sitepage_ptr_id);


--
-- Name: auth_group auth_group_name_key; Type: CONSTRAINT; Schema: public; Owner: productivity_lab
--

ALTER TABLE ONLY public.auth_group
    ADD CONSTRAINT auth_group_name_key UNIQUE (name);


--
-- Name: auth_group_permissions auth_group_permissions_group_id_permission_id_0cd325b0_uniq; Type: CONSTRAINT; Schema: public; Owner: productivity_lab
--

ALTER TABLE ONLY public.auth_group_permissions
    ADD CONSTRAINT auth_group_permissions_group_id_permission_id_0cd325b0_uniq UNIQUE (group_id, permission_id);


--
-- Name: auth_group_permissions auth_group_permissions_pkey; Type: CONSTRAINT; Schema: public; Owner: productivity_lab
--

ALTER TABLE ONLY public.auth_group_permissions
    ADD CONSTRAINT auth_group_permissions_pkey PRIMARY KEY (id);


--
-- Name: auth_group auth_group_pkey; Type: CONSTRAINT; Schema: public; Owner: productivity_lab
--

ALTER TABLE ONLY public.auth_group
    ADD CONSTRAINT auth_group_pkey PRIMARY KEY (id);


--
-- Name: auth_permission auth_permission_content_type_id_codename_01ab375a_uniq; Type: CONSTRAINT; Schema: public; Owner: productivity_lab
--

ALTER TABLE ONLY public.auth_permission
    ADD CONSTRAINT auth_permission_content_type_id_codename_01ab375a_uniq UNIQUE (content_type_id, codename);


--
-- Name: auth_permission auth_permission_pkey; Type: CONSTRAINT; Schema: public; Owner: productivity_lab
--

ALTER TABLE ONLY public.auth_permission
    ADD CONSTRAINT auth_permission_pkey PRIMARY KEY (id);


--
-- Name: django_admin_log django_admin_log_pkey; Type: CONSTRAINT; Schema: public; Owner: productivity_lab
--

ALTER TABLE ONLY public.django_admin_log
    ADD CONSTRAINT django_admin_log_pkey PRIMARY KEY (id);


--
-- Name: django_content_type django_content_type_app_label_model_76bd3d3b_uniq; Type: CONSTRAINT; Schema: public; Owner: productivity_lab
--

ALTER TABLE ONLY public.django_content_type
    ADD CONSTRAINT django_content_type_app_label_model_76bd3d3b_uniq UNIQUE (app_label, model);


--
-- Name: django_content_type django_content_type_pkey; Type: CONSTRAINT; Schema: public; Owner: productivity_lab
--

ALTER TABLE ONLY public.django_content_type
    ADD CONSTRAINT django_content_type_pkey PRIMARY KEY (id);


--
-- Name: django_migrations django_migrations_pkey; Type: CONSTRAINT; Schema: public; Owner: productivity_lab
--

ALTER TABLE ONLY public.django_migrations
    ADD CONSTRAINT django_migrations_pkey PRIMARY KEY (id);


--
-- Name: django_session django_session_pkey; Type: CONSTRAINT; Schema: public; Owner: productivity_lab
--

ALTER TABLE ONLY public.django_session
    ADD CONSTRAINT django_session_pkey PRIMARY KEY (session_key);


--
-- Name: event_eventindexpage event_eventindexpage_pkey; Type: CONSTRAINT; Schema: public; Owner: productivity_lab
--

ALTER TABLE ONLY public.event_eventindexpage
    ADD CONSTRAINT event_eventindexpage_pkey PRIMARY KEY (sitepage_ptr_id);


--
-- Name: event_eventpage event_eventpage_pkey; Type: CONSTRAINT; Schema: public; Owner: productivity_lab
--

ALTER TABLE ONLY public.event_eventpage
    ADD CONSTRAINT event_eventpage_pkey PRIMARY KEY (sitepage_ptr_id);


--
-- Name: home_homepage home_homepage_pkey; Type: CONSTRAINT; Schema: public; Owner: productivity_lab
--

ALTER TABLE ONLY public.home_homepage
    ADD CONSTRAINT home_homepage_pkey PRIMARY KEY (sitepage_ptr_id);


--
-- Name: sitecore_carouselsnippet sitecore_carouselsnippet_pkey; Type: CONSTRAINT; Schema: public; Owner: productivity_lab
--

ALTER TABLE ONLY public.sitecore_carouselsnippet
    ADD CONSTRAINT sitecore_carouselsnippet_pkey PRIMARY KEY (id);


--
-- Name: sitecore_emailsettings sitecore_emailsettings_pkey; Type: CONSTRAINT; Schema: public; Owner: productivity_lab
--

ALTER TABLE ONLY public.sitecore_emailsettings
    ADD CONSTRAINT sitecore_emailsettings_pkey PRIMARY KEY (id);


--
-- Name: sitecore_emailsettings sitecore_emailsettings_site_id_key; Type: CONSTRAINT; Schema: public; Owner: productivity_lab
--

ALTER TABLE ONLY public.sitecore_emailsettings
    ADD CONSTRAINT sitecore_emailsettings_site_id_key UNIQUE (site_id);


--
-- Name: sitecore_iconcarddecksnippet sitecore_iconcarddecksnippet_pkey; Type: CONSTRAINT; Schema: public; Owner: productivity_lab
--

ALTER TABLE ONLY public.sitecore_iconcarddecksnippet
    ADD CONSTRAINT sitecore_iconcarddecksnippet_pkey PRIMARY KEY (id);


--
-- Name: sitecore_siteimage sitecore_siteimage_pkey; Type: CONSTRAINT; Schema: public; Owner: productivity_lab
--

ALTER TABLE ONLY public.sitecore_siteimage
    ADD CONSTRAINT sitecore_siteimage_pkey PRIMARY KEY (id);


--
-- Name: sitecore_sitepage sitecore_sitepage_pkey; Type: CONSTRAINT; Schema: public; Owner: productivity_lab
--

ALTER TABLE ONLY public.sitecore_sitepage
    ADD CONSTRAINT sitecore_sitepage_pkey PRIMARY KEY (page_ptr_id);


--
-- Name: sitecore_sitepagetags sitecore_sitepagetags_pkey; Type: CONSTRAINT; Schema: public; Owner: productivity_lab
--

ALTER TABLE ONLY public.sitecore_sitepagetags
    ADD CONSTRAINT sitecore_sitepagetags_pkey PRIMARY KEY (id);


--
-- Name: sitecore_siterendition sitecore_siterendition_image_id_filter_spec_foc_64364829_uniq; Type: CONSTRAINT; Schema: public; Owner: productivity_lab
--

ALTER TABLE ONLY public.sitecore_siterendition
    ADD CONSTRAINT sitecore_siterendition_image_id_filter_spec_foc_64364829_uniq UNIQUE (image_id, filter_spec, focal_point_key);


--
-- Name: sitecore_siterendition sitecore_siterendition_pkey; Type: CONSTRAINT; Schema: public; Owner: productivity_lab
--

ALTER TABLE ONLY public.sitecore_siterendition
    ADD CONSTRAINT sitecore_siterendition_pkey PRIMARY KEY (id);


--
-- Name: sitecore_sitesearchindexpage sitecore_sitesearchindexpage_pkey; Type: CONSTRAINT; Schema: public; Owner: productivity_lab
--

ALTER TABLE ONLY public.sitecore_sitesearchindexpage
    ADD CONSTRAINT sitecore_sitesearchindexpage_pkey PRIMARY KEY (sitepage_ptr_id);


--
-- Name: sitecore_sitesettings sitecore_sitesettings_pkey; Type: CONSTRAINT; Schema: public; Owner: productivity_lab
--

ALTER TABLE ONLY public.sitecore_sitesettings
    ADD CONSTRAINT sitecore_sitesettings_pkey PRIMARY KEY (id);


--
-- Name: sitecore_sitesettings sitecore_sitesettings_site_id_key; Type: CONSTRAINT; Schema: public; Owner: productivity_lab
--

ALTER TABLE ONLY public.sitecore_sitesettings
    ADD CONSTRAINT sitecore_sitesettings_site_id_key UNIQUE (site_id);


--
-- Name: sitecore_sitetagindexpage sitecore_sitetagindexpage_pkey; Type: CONSTRAINT; Schema: public; Owner: productivity_lab
--

ALTER TABLE ONLY public.sitecore_sitetagindexpage
    ADD CONSTRAINT sitecore_sitetagindexpage_pkey PRIMARY KEY (sitepage_ptr_id);


--
-- Name: sitecore_textsnippet sitecore_textsnippet_pkey; Type: CONSTRAINT; Schema: public; Owner: productivity_lab
--

ALTER TABLE ONLY public.sitecore_textsnippet
    ADD CONSTRAINT sitecore_textsnippet_pkey PRIMARY KEY (id);


--
-- Name: sitecore_textsnippettag sitecore_textsnippettag_pkey; Type: CONSTRAINT; Schema: public; Owner: productivity_lab
--

ALTER TABLE ONLY public.sitecore_textsnippettag
    ADD CONSTRAINT sitecore_textsnippettag_pkey PRIMARY KEY (id);


--
-- Name: siteuser_user_groups siteuser_user_groups_pkey; Type: CONSTRAINT; Schema: public; Owner: productivity_lab
--

ALTER TABLE ONLY public.siteuser_user_groups
    ADD CONSTRAINT siteuser_user_groups_pkey PRIMARY KEY (id);


--
-- Name: siteuser_user_groups siteuser_user_groups_user_id_group_id_444d1bc8_uniq; Type: CONSTRAINT; Schema: public; Owner: productivity_lab
--

ALTER TABLE ONLY public.siteuser_user_groups
    ADD CONSTRAINT siteuser_user_groups_user_id_group_id_444d1bc8_uniq UNIQUE (user_id, group_id);


--
-- Name: siteuser_user siteuser_user_pkey; Type: CONSTRAINT; Schema: public; Owner: productivity_lab
--

ALTER TABLE ONLY public.siteuser_user
    ADD CONSTRAINT siteuser_user_pkey PRIMARY KEY (id);


--
-- Name: siteuser_user_user_permissions siteuser_user_user_permi_user_id_permission_id_6fb87573_uniq; Type: CONSTRAINT; Schema: public; Owner: productivity_lab
--

ALTER TABLE ONLY public.siteuser_user_user_permissions
    ADD CONSTRAINT siteuser_user_user_permi_user_id_permission_id_6fb87573_uniq UNIQUE (user_id, permission_id);


--
-- Name: siteuser_user_user_permissions siteuser_user_user_permissions_pkey; Type: CONSTRAINT; Schema: public; Owner: productivity_lab
--

ALTER TABLE ONLY public.siteuser_user_user_permissions
    ADD CONSTRAINT siteuser_user_user_permissions_pkey PRIMARY KEY (id);


--
-- Name: siteuser_user siteuser_user_username_key; Type: CONSTRAINT; Schema: public; Owner: productivity_lab
--

ALTER TABLE ONLY public.siteuser_user
    ADD CONSTRAINT siteuser_user_username_key UNIQUE (username);


--
-- Name: taggit_tag taggit_tag_name_key; Type: CONSTRAINT; Schema: public; Owner: productivity_lab
--

ALTER TABLE ONLY public.taggit_tag
    ADD CONSTRAINT taggit_tag_name_key UNIQUE (name);


--
-- Name: taggit_tag taggit_tag_pkey; Type: CONSTRAINT; Schema: public; Owner: productivity_lab
--

ALTER TABLE ONLY public.taggit_tag
    ADD CONSTRAINT taggit_tag_pkey PRIMARY KEY (id);


--
-- Name: taggit_tag taggit_tag_slug_key; Type: CONSTRAINT; Schema: public; Owner: productivity_lab
--

ALTER TABLE ONLY public.taggit_tag
    ADD CONSTRAINT taggit_tag_slug_key UNIQUE (slug);


--
-- Name: taggit_taggeditem taggit_taggeditem_content_type_id_object_i_4bb97a8e_uniq; Type: CONSTRAINT; Schema: public; Owner: productivity_lab
--

ALTER TABLE ONLY public.taggit_taggeditem
    ADD CONSTRAINT taggit_taggeditem_content_type_id_object_i_4bb97a8e_uniq UNIQUE (content_type_id, object_id, tag_id);


--
-- Name: taggit_taggeditem taggit_taggeditem_pkey; Type: CONSTRAINT; Schema: public; Owner: productivity_lab
--

ALTER TABLE ONLY public.taggit_taggeditem
    ADD CONSTRAINT taggit_taggeditem_pkey PRIMARY KEY (id);


--
-- Name: wagtailcore_grouppagepermission unique_permission; Type: CONSTRAINT; Schema: public; Owner: productivity_lab
--

ALTER TABLE ONLY public.wagtailcore_grouppagepermission
    ADD CONSTRAINT unique_permission UNIQUE (group_id, page_id, permission_id);


--
-- Name: wagtailcore_grouppagepermission unique_permission_type; Type: CONSTRAINT; Schema: public; Owner: productivity_lab
--

ALTER TABLE ONLY public.wagtailcore_grouppagepermission
    ADD CONSTRAINT unique_permission_type UNIQUE (group_id, page_id, permission_type);


--
-- Name: wagtailadmin_admin wagtailadmin_admin_pkey; Type: CONSTRAINT; Schema: public; Owner: productivity_lab
--

ALTER TABLE ONLY public.wagtailadmin_admin
    ADD CONSTRAINT wagtailadmin_admin_pkey PRIMARY KEY (id);


--
-- Name: wagtailcore_collection wagtailcore_collection_path_key; Type: CONSTRAINT; Schema: public; Owner: productivity_lab
--

ALTER TABLE ONLY public.wagtailcore_collection
    ADD CONSTRAINT wagtailcore_collection_path_key UNIQUE (path);


--
-- Name: wagtailcore_collection wagtailcore_collection_pkey; Type: CONSTRAINT; Schema: public; Owner: productivity_lab
--

ALTER TABLE ONLY public.wagtailcore_collection
    ADD CONSTRAINT wagtailcore_collection_pkey PRIMARY KEY (id);


--
-- Name: wagtailcore_collectionviewrestriction_groups wagtailcore_collectionvi_collectionviewrestrictio_988995ae_uniq; Type: CONSTRAINT; Schema: public; Owner: productivity_lab
--

ALTER TABLE ONLY public.wagtailcore_collectionviewrestriction_groups
    ADD CONSTRAINT wagtailcore_collectionvi_collectionviewrestrictio_988995ae_uniq UNIQUE (collectionviewrestriction_id, group_id);


--
-- Name: wagtailcore_collectionviewrestriction_groups wagtailcore_collectionviewrestriction_groups_pkey; Type: CONSTRAINT; Schema: public; Owner: productivity_lab
--

ALTER TABLE ONLY public.wagtailcore_collectionviewrestriction_groups
    ADD CONSTRAINT wagtailcore_collectionviewrestriction_groups_pkey PRIMARY KEY (id);


--
-- Name: wagtailcore_collectionviewrestriction wagtailcore_collectionviewrestriction_pkey; Type: CONSTRAINT; Schema: public; Owner: productivity_lab
--

ALTER TABLE ONLY public.wagtailcore_collectionviewrestriction
    ADD CONSTRAINT wagtailcore_collectionviewrestriction_pkey PRIMARY KEY (id);


--
-- Name: wagtailcore_comment wagtailcore_comment_pkey; Type: CONSTRAINT; Schema: public; Owner: productivity_lab
--

ALTER TABLE ONLY public.wagtailcore_comment
    ADD CONSTRAINT wagtailcore_comment_pkey PRIMARY KEY (id);


--
-- Name: wagtailcore_commentreply wagtailcore_commentreply_pkey; Type: CONSTRAINT; Schema: public; Owner: productivity_lab
--

ALTER TABLE ONLY public.wagtailcore_commentreply
    ADD CONSTRAINT wagtailcore_commentreply_pkey PRIMARY KEY (id);


--
-- Name: wagtailcore_groupapprovaltask_groups wagtailcore_groupapprova_groupapprovaltask_id_gro_bb5ee7eb_uniq; Type: CONSTRAINT; Schema: public; Owner: productivity_lab
--

ALTER TABLE ONLY public.wagtailcore_groupapprovaltask_groups
    ADD CONSTRAINT wagtailcore_groupapprova_groupapprovaltask_id_gro_bb5ee7eb_uniq UNIQUE (groupapprovaltask_id, group_id);


--
-- Name: wagtailcore_groupapprovaltask_groups wagtailcore_groupapprovaltask_groups_pkey; Type: CONSTRAINT; Schema: public; Owner: productivity_lab
--

ALTER TABLE ONLY public.wagtailcore_groupapprovaltask_groups
    ADD CONSTRAINT wagtailcore_groupapprovaltask_groups_pkey PRIMARY KEY (id);


--
-- Name: wagtailcore_groupapprovaltask wagtailcore_groupapprovaltask_pkey; Type: CONSTRAINT; Schema: public; Owner: productivity_lab
--

ALTER TABLE ONLY public.wagtailcore_groupapprovaltask
    ADD CONSTRAINT wagtailcore_groupapprovaltask_pkey PRIMARY KEY (task_ptr_id);


--
-- Name: wagtailcore_groupcollectionpermission wagtailcore_groupcollect_group_id_collection_id_p_a21cefe9_uniq; Type: CONSTRAINT; Schema: public; Owner: productivity_lab
--

ALTER TABLE ONLY public.wagtailcore_groupcollectionpermission
    ADD CONSTRAINT wagtailcore_groupcollect_group_id_collection_id_p_a21cefe9_uniq UNIQUE (group_id, collection_id, permission_id);


--
-- Name: wagtailcore_groupcollectionpermission wagtailcore_groupcollectionpermission_pkey; Type: CONSTRAINT; Schema: public; Owner: productivity_lab
--

ALTER TABLE ONLY public.wagtailcore_groupcollectionpermission
    ADD CONSTRAINT wagtailcore_groupcollectionpermission_pkey PRIMARY KEY (id);


--
-- Name: wagtailcore_grouppagepermission wagtailcore_grouppagepermission_pkey; Type: CONSTRAINT; Schema: public; Owner: productivity_lab
--

ALTER TABLE ONLY public.wagtailcore_grouppagepermission
    ADD CONSTRAINT wagtailcore_grouppagepermission_pkey PRIMARY KEY (id);


--
-- Name: wagtailcore_locale wagtailcore_locale_language_code_key; Type: CONSTRAINT; Schema: public; Owner: productivity_lab
--

ALTER TABLE ONLY public.wagtailcore_locale
    ADD CONSTRAINT wagtailcore_locale_language_code_key UNIQUE (language_code);


--
-- Name: wagtailcore_locale wagtailcore_locale_pkey; Type: CONSTRAINT; Schema: public; Owner: productivity_lab
--

ALTER TABLE ONLY public.wagtailcore_locale
    ADD CONSTRAINT wagtailcore_locale_pkey PRIMARY KEY (id);


--
-- Name: wagtailcore_modellogentry wagtailcore_modellogentry_pkey; Type: CONSTRAINT; Schema: public; Owner: productivity_lab
--

ALTER TABLE ONLY public.wagtailcore_modellogentry
    ADD CONSTRAINT wagtailcore_modellogentry_pkey PRIMARY KEY (id);


--
-- Name: wagtailcore_page wagtailcore_page_path_key; Type: CONSTRAINT; Schema: public; Owner: productivity_lab
--

ALTER TABLE ONLY public.wagtailcore_page
    ADD CONSTRAINT wagtailcore_page_path_key UNIQUE (path);


--
-- Name: wagtailcore_page wagtailcore_page_pkey; Type: CONSTRAINT; Schema: public; Owner: productivity_lab
--

ALTER TABLE ONLY public.wagtailcore_page
    ADD CONSTRAINT wagtailcore_page_pkey PRIMARY KEY (id);


--
-- Name: wagtailcore_page wagtailcore_page_translation_key_locale_id_9b041bad_uniq; Type: CONSTRAINT; Schema: public; Owner: productivity_lab
--

ALTER TABLE ONLY public.wagtailcore_page
    ADD CONSTRAINT wagtailcore_page_translation_key_locale_id_9b041bad_uniq UNIQUE (translation_key, locale_id);


--
-- Name: wagtailcore_pagelogentry wagtailcore_pagelogentry_pkey; Type: CONSTRAINT; Schema: public; Owner: productivity_lab
--

ALTER TABLE ONLY public.wagtailcore_pagelogentry
    ADD CONSTRAINT wagtailcore_pagelogentry_pkey PRIMARY KEY (id);


--
-- Name: wagtailcore_revision wagtailcore_pagerevision_pkey; Type: CONSTRAINT; Schema: public; Owner: productivity_lab
--

ALTER TABLE ONLY public.wagtailcore_revision
    ADD CONSTRAINT wagtailcore_pagerevision_pkey PRIMARY KEY (id);


--
-- Name: wagtailcore_pagesubscription wagtailcore_pagesubscription_page_id_user_id_0cef73ed_uniq; Type: CONSTRAINT; Schema: public; Owner: productivity_lab
--

ALTER TABLE ONLY public.wagtailcore_pagesubscription
    ADD CONSTRAINT wagtailcore_pagesubscription_page_id_user_id_0cef73ed_uniq UNIQUE (page_id, user_id);


--
-- Name: wagtailcore_pagesubscription wagtailcore_pagesubscription_pkey; Type: CONSTRAINT; Schema: public; Owner: productivity_lab
--

ALTER TABLE ONLY public.wagtailcore_pagesubscription
    ADD CONSTRAINT wagtailcore_pagesubscription_pkey PRIMARY KEY (id);


--
-- Name: wagtailcore_pageviewrestriction_groups wagtailcore_pageviewrest_pageviewrestriction_id_g_d23f80bb_uniq; Type: CONSTRAINT; Schema: public; Owner: productivity_lab
--

ALTER TABLE ONLY public.wagtailcore_pageviewrestriction_groups
    ADD CONSTRAINT wagtailcore_pageviewrest_pageviewrestriction_id_g_d23f80bb_uniq UNIQUE (pageviewrestriction_id, group_id);


--
-- Name: wagtailcore_pageviewrestriction_groups wagtailcore_pageviewrestriction_groups_pkey; Type: CONSTRAINT; Schema: public; Owner: productivity_lab
--

ALTER TABLE ONLY public.wagtailcore_pageviewrestriction_groups
    ADD CONSTRAINT wagtailcore_pageviewrestriction_groups_pkey PRIMARY KEY (id);


--
-- Name: wagtailcore_pageviewrestriction wagtailcore_pageviewrestriction_pkey; Type: CONSTRAINT; Schema: public; Owner: productivity_lab
--

ALTER TABLE ONLY public.wagtailcore_pageviewrestriction
    ADD CONSTRAINT wagtailcore_pageviewrestriction_pkey PRIMARY KEY (id);


--
-- Name: wagtailcore_referenceindex wagtailcore_referenceind_base_content_type_id_obj_9e6ccd6a_uniq; Type: CONSTRAINT; Schema: public; Owner: productivity_lab
--

ALTER TABLE ONLY public.wagtailcore_referenceindex
    ADD CONSTRAINT wagtailcore_referenceind_base_content_type_id_obj_9e6ccd6a_uniq UNIQUE (base_content_type_id, object_id, to_content_type_id, to_object_id, content_path_hash);


--
-- Name: wagtailcore_referenceindex wagtailcore_referenceindex_pkey; Type: CONSTRAINT; Schema: public; Owner: productivity_lab
--

ALTER TABLE ONLY public.wagtailcore_referenceindex
    ADD CONSTRAINT wagtailcore_referenceindex_pkey PRIMARY KEY (id);


--
-- Name: wagtailcore_site wagtailcore_site_hostname_port_2c626d70_uniq; Type: CONSTRAINT; Schema: public; Owner: productivity_lab
--

ALTER TABLE ONLY public.wagtailcore_site
    ADD CONSTRAINT wagtailcore_site_hostname_port_2c626d70_uniq UNIQUE (hostname, port);


--
-- Name: wagtailcore_site wagtailcore_site_pkey; Type: CONSTRAINT; Schema: public; Owner: productivity_lab
--

ALTER TABLE ONLY public.wagtailcore_site
    ADD CONSTRAINT wagtailcore_site_pkey PRIMARY KEY (id);


--
-- Name: wagtailcore_task wagtailcore_task_pkey; Type: CONSTRAINT; Schema: public; Owner: productivity_lab
--

ALTER TABLE ONLY public.wagtailcore_task
    ADD CONSTRAINT wagtailcore_task_pkey PRIMARY KEY (id);


--
-- Name: wagtailcore_taskstate wagtailcore_taskstate_pkey; Type: CONSTRAINT; Schema: public; Owner: productivity_lab
--

ALTER TABLE ONLY public.wagtailcore_taskstate
    ADD CONSTRAINT wagtailcore_taskstate_pkey PRIMARY KEY (id);


--
-- Name: wagtailcore_workflow wagtailcore_workflow_pkey; Type: CONSTRAINT; Schema: public; Owner: productivity_lab
--

ALTER TABLE ONLY public.wagtailcore_workflow
    ADD CONSTRAINT wagtailcore_workflow_pkey PRIMARY KEY (id);


--
-- Name: wagtailcore_workflowcontenttype wagtailcore_workflowcontenttype_pkey; Type: CONSTRAINT; Schema: public; Owner: productivity_lab
--

ALTER TABLE ONLY public.wagtailcore_workflowcontenttype
    ADD CONSTRAINT wagtailcore_workflowcontenttype_pkey PRIMARY KEY (content_type_id);


--
-- Name: wagtailcore_workflowpage wagtailcore_workflowpage_pkey; Type: CONSTRAINT; Schema: public; Owner: productivity_lab
--

ALTER TABLE ONLY public.wagtailcore_workflowpage
    ADD CONSTRAINT wagtailcore_workflowpage_pkey PRIMARY KEY (page_id);


--
-- Name: wagtailcore_workflowstate wagtailcore_workflowstate_current_task_state_id_key; Type: CONSTRAINT; Schema: public; Owner: productivity_lab
--

ALTER TABLE ONLY public.wagtailcore_workflowstate
    ADD CONSTRAINT wagtailcore_workflowstate_current_task_state_id_key UNIQUE (current_task_state_id);


--
-- Name: wagtailcore_workflowstate wagtailcore_workflowstate_pkey; Type: CONSTRAINT; Schema: public; Owner: productivity_lab
--

ALTER TABLE ONLY public.wagtailcore_workflowstate
    ADD CONSTRAINT wagtailcore_workflowstate_pkey PRIMARY KEY (id);


--
-- Name: wagtailcore_workflowtask wagtailcore_workflowtask_pkey; Type: CONSTRAINT; Schema: public; Owner: productivity_lab
--

ALTER TABLE ONLY public.wagtailcore_workflowtask
    ADD CONSTRAINT wagtailcore_workflowtask_pkey PRIMARY KEY (id);


--
-- Name: wagtailcore_workflowtask wagtailcore_workflowtask_workflow_id_task_id_4ec7a62b_uniq; Type: CONSTRAINT; Schema: public; Owner: productivity_lab
--

ALTER TABLE ONLY public.wagtailcore_workflowtask
    ADD CONSTRAINT wagtailcore_workflowtask_workflow_id_task_id_4ec7a62b_uniq UNIQUE (workflow_id, task_id);


--
-- Name: wagtaildocs_document wagtaildocs_document_pkey; Type: CONSTRAINT; Schema: public; Owner: productivity_lab
--

ALTER TABLE ONLY public.wagtaildocs_document
    ADD CONSTRAINT wagtaildocs_document_pkey PRIMARY KEY (id);


--
-- Name: wagtaildocs_uploadeddocument wagtaildocs_uploadeddocument_pkey; Type: CONSTRAINT; Schema: public; Owner: productivity_lab
--

ALTER TABLE ONLY public.wagtaildocs_uploadeddocument
    ADD CONSTRAINT wagtaildocs_uploadeddocument_pkey PRIMARY KEY (id);


--
-- Name: wagtailembeds_embed wagtailembeds_embed_hash_c9bd8c9a_uniq; Type: CONSTRAINT; Schema: public; Owner: productivity_lab
--

ALTER TABLE ONLY public.wagtailembeds_embed
    ADD CONSTRAINT wagtailembeds_embed_hash_c9bd8c9a_uniq UNIQUE (hash);


--
-- Name: wagtailembeds_embed wagtailembeds_embed_pkey; Type: CONSTRAINT; Schema: public; Owner: productivity_lab
--

ALTER TABLE ONLY public.wagtailembeds_embed
    ADD CONSTRAINT wagtailembeds_embed_pkey PRIMARY KEY (id);


--
-- Name: wagtailforms_formsubmission wagtailforms_formsubmission_pkey; Type: CONSTRAINT; Schema: public; Owner: productivity_lab
--

ALTER TABLE ONLY public.wagtailforms_formsubmission
    ADD CONSTRAINT wagtailforms_formsubmission_pkey PRIMARY KEY (id);


--
-- Name: wagtailimages_image wagtailimages_image_pkey; Type: CONSTRAINT; Schema: public; Owner: productivity_lab
--

ALTER TABLE ONLY public.wagtailimages_image
    ADD CONSTRAINT wagtailimages_image_pkey PRIMARY KEY (id);


--
-- Name: wagtailimages_rendition wagtailimages_rendition_image_id_filter_spec_foc_323c8fe0_uniq; Type: CONSTRAINT; Schema: public; Owner: productivity_lab
--

ALTER TABLE ONLY public.wagtailimages_rendition
    ADD CONSTRAINT wagtailimages_rendition_image_id_filter_spec_foc_323c8fe0_uniq UNIQUE (image_id, filter_spec, focal_point_key);


--
-- Name: wagtailimages_rendition wagtailimages_rendition_pkey; Type: CONSTRAINT; Schema: public; Owner: productivity_lab
--

ALTER TABLE ONLY public.wagtailimages_rendition
    ADD CONSTRAINT wagtailimages_rendition_pkey PRIMARY KEY (id);


--
-- Name: wagtailimages_uploadedimage wagtailimages_uploadedimage_pkey; Type: CONSTRAINT; Schema: public; Owner: productivity_lab
--

ALTER TABLE ONLY public.wagtailimages_uploadedimage
    ADD CONSTRAINT wagtailimages_uploadedimage_pkey PRIMARY KEY (id);


--
-- Name: wagtailmedia_media wagtailmedia_media_pkey; Type: CONSTRAINT; Schema: public; Owner: productivity_lab
--

ALTER TABLE ONLY public.wagtailmedia_media
    ADD CONSTRAINT wagtailmedia_media_pkey PRIMARY KEY (id);


--
-- Name: wagtailmenus_flatmenu wagtailmenus_flatmenu_pkey; Type: CONSTRAINT; Schema: public; Owner: productivity_lab
--

ALTER TABLE ONLY public.wagtailmenus_flatmenu
    ADD CONSTRAINT wagtailmenus_flatmenu_pkey PRIMARY KEY (id);


--
-- Name: wagtailmenus_flatmenu wagtailmenus_flatmenu_site_id_handle_7b0cab3a_uniq; Type: CONSTRAINT; Schema: public; Owner: productivity_lab
--

ALTER TABLE ONLY public.wagtailmenus_flatmenu
    ADD CONSTRAINT wagtailmenus_flatmenu_site_id_handle_7b0cab3a_uniq UNIQUE (site_id, handle);


--
-- Name: wagtailmenus_flatmenuitem wagtailmenus_flatmenuitem_pkey; Type: CONSTRAINT; Schema: public; Owner: productivity_lab
--

ALTER TABLE ONLY public.wagtailmenus_flatmenuitem
    ADD CONSTRAINT wagtailmenus_flatmenuitem_pkey PRIMARY KEY (id);


--
-- Name: wagtailmenus_mainmenu wagtailmenus_mainmenu_pkey; Type: CONSTRAINT; Schema: public; Owner: productivity_lab
--

ALTER TABLE ONLY public.wagtailmenus_mainmenu
    ADD CONSTRAINT wagtailmenus_mainmenu_pkey PRIMARY KEY (id);


--
-- Name: wagtailmenus_mainmenu wagtailmenus_mainmenu_site_id_key; Type: CONSTRAINT; Schema: public; Owner: productivity_lab
--

ALTER TABLE ONLY public.wagtailmenus_mainmenu
    ADD CONSTRAINT wagtailmenus_mainmenu_site_id_key UNIQUE (site_id);


--
-- Name: wagtailmenus_mainmenuitem wagtailmenus_mainmenuitem_pkey; Type: CONSTRAINT; Schema: public; Owner: productivity_lab
--

ALTER TABLE ONLY public.wagtailmenus_mainmenuitem
    ADD CONSTRAINT wagtailmenus_mainmenuitem_pkey PRIMARY KEY (id);


--
-- Name: wagtailredirects_redirect wagtailredirects_redirect_old_path_site_id_783622d7_uniq; Type: CONSTRAINT; Schema: public; Owner: productivity_lab
--

ALTER TABLE ONLY public.wagtailredirects_redirect
    ADD CONSTRAINT wagtailredirects_redirect_old_path_site_id_783622d7_uniq UNIQUE (old_path, site_id);


--
-- Name: wagtailredirects_redirect wagtailredirects_redirect_pkey; Type: CONSTRAINT; Schema: public; Owner: productivity_lab
--

ALTER TABLE ONLY public.wagtailredirects_redirect
    ADD CONSTRAINT wagtailredirects_redirect_pkey PRIMARY KEY (id);


--
-- Name: wagtailsearch_indexentry wagtailsearch_indexentry_content_type_id_object_i_bcd7ba73_uniq; Type: CONSTRAINT; Schema: public; Owner: productivity_lab
--

ALTER TABLE ONLY public.wagtailsearch_indexentry
    ADD CONSTRAINT wagtailsearch_indexentry_content_type_id_object_i_bcd7ba73_uniq UNIQUE (content_type_id, object_id);


--
-- Name: wagtailsearch_indexentry wagtailsearch_indexentry_pkey; Type: CONSTRAINT; Schema: public; Owner: productivity_lab
--

ALTER TABLE ONLY public.wagtailsearch_indexentry
    ADD CONSTRAINT wagtailsearch_indexentry_pkey PRIMARY KEY (id);


--
-- Name: wagtailsearch_query wagtailsearch_query_pkey; Type: CONSTRAINT; Schema: public; Owner: productivity_lab
--

ALTER TABLE ONLY public.wagtailsearch_query
    ADD CONSTRAINT wagtailsearch_query_pkey PRIMARY KEY (id);


--
-- Name: wagtailsearch_query wagtailsearch_query_query_string_key; Type: CONSTRAINT; Schema: public; Owner: productivity_lab
--

ALTER TABLE ONLY public.wagtailsearch_query
    ADD CONSTRAINT wagtailsearch_query_query_string_key UNIQUE (query_string);


--
-- Name: wagtailsearch_querydailyhits wagtailsearch_querydailyhits_pkey; Type: CONSTRAINT; Schema: public; Owner: productivity_lab
--

ALTER TABLE ONLY public.wagtailsearch_querydailyhits
    ADD CONSTRAINT wagtailsearch_querydailyhits_pkey PRIMARY KEY (id);


--
-- Name: wagtailsearch_querydailyhits wagtailsearch_querydailyhits_query_id_date_1dd232e6_uniq; Type: CONSTRAINT; Schema: public; Owner: productivity_lab
--

ALTER TABLE ONLY public.wagtailsearch_querydailyhits
    ADD CONSTRAINT wagtailsearch_querydailyhits_query_id_date_1dd232e6_uniq UNIQUE (query_id, date);


--
-- Name: wagtailusers_userprofile wagtailusers_userprofile_pkey; Type: CONSTRAINT; Schema: public; Owner: productivity_lab
--

ALTER TABLE ONLY public.wagtailusers_userprofile
    ADD CONSTRAINT wagtailusers_userprofile_pkey PRIMARY KEY (id);


--
-- Name: wagtailusers_userprofile wagtailusers_userprofile_user_id_key; Type: CONSTRAINT; Schema: public; Owner: productivity_lab
--

ALTER TABLE ONLY public.wagtailusers_userprofile
    ADD CONSTRAINT wagtailusers_userprofile_user_id_key UNIQUE (user_id);


--
-- Name: article_articleindexpage_default_thumbnail_id_b881039f; Type: INDEX; Schema: public; Owner: productivity_lab
--

CREATE INDEX article_articleindexpage_default_thumbnail_id_b881039f ON public.article_articleindexpage USING btree (default_thumbnail_id);


--
-- Name: article_articlepage_article_image_id_3704f552; Type: INDEX; Schema: public; Owner: productivity_lab
--

CREATE INDEX article_articlepage_article_image_id_3704f552 ON public.article_articlepage USING btree (article_image_id);


--
-- Name: article_articlepage_splash_image_id_8524e084; Type: INDEX; Schema: public; Owner: productivity_lab
--

CREATE INDEX article_articlepage_splash_image_id_8524e084 ON public.article_articlepage USING btree (splash_image_id);


--
-- Name: article_articlepage_thumbnail_image_id_4c6df359; Type: INDEX; Schema: public; Owner: productivity_lab
--

CREATE INDEX article_articlepage_thumbnail_image_id_4c6df359 ON public.article_articlepage USING btree (thumbnail_image_id);


--
-- Name: auth_group_name_a6ea08ec_like; Type: INDEX; Schema: public; Owner: productivity_lab
--

CREATE INDEX auth_group_name_a6ea08ec_like ON public.auth_group USING btree (name varchar_pattern_ops);


--
-- Name: auth_group_permissions_group_id_b120cbf9; Type: INDEX; Schema: public; Owner: productivity_lab
--

CREATE INDEX auth_group_permissions_group_id_b120cbf9 ON public.auth_group_permissions USING btree (group_id);


--
-- Name: auth_group_permissions_permission_id_84c5c92e; Type: INDEX; Schema: public; Owner: productivity_lab
--

CREATE INDEX auth_group_permissions_permission_id_84c5c92e ON public.auth_group_permissions USING btree (permission_id);


--
-- Name: auth_permission_content_type_id_2f476e4b; Type: INDEX; Schema: public; Owner: productivity_lab
--

CREATE INDEX auth_permission_content_type_id_2f476e4b ON public.auth_permission USING btree (content_type_id);


--
-- Name: base_content_object_idx; Type: INDEX; Schema: public; Owner: productivity_lab
--

CREATE INDEX base_content_object_idx ON public.wagtailcore_revision USING btree (base_content_type_id, object_id);


--
-- Name: content_object_idx; Type: INDEX; Schema: public; Owner: productivity_lab
--

CREATE INDEX content_object_idx ON public.wagtailcore_revision USING btree (content_type_id, object_id);


--
-- Name: django_admin_log_content_type_id_c4bce8eb; Type: INDEX; Schema: public; Owner: productivity_lab
--

CREATE INDEX django_admin_log_content_type_id_c4bce8eb ON public.django_admin_log USING btree (content_type_id);


--
-- Name: django_admin_log_user_id_c564eba6; Type: INDEX; Schema: public; Owner: productivity_lab
--

CREATE INDEX django_admin_log_user_id_c564eba6 ON public.django_admin_log USING btree (user_id);


--
-- Name: django_session_expire_date_a5c62663; Type: INDEX; Schema: public; Owner: productivity_lab
--

CREATE INDEX django_session_expire_date_a5c62663 ON public.django_session USING btree (expire_date);


--
-- Name: django_session_session_key_c0390e0f_like; Type: INDEX; Schema: public; Owner: productivity_lab
--

CREATE INDEX django_session_session_key_c0390e0f_like ON public.django_session USING btree (session_key varchar_pattern_ops);


--
-- Name: event_eventindexpage_index_root_page_id_e2b3ae1d; Type: INDEX; Schema: public; Owner: productivity_lab
--

CREATE INDEX event_eventindexpage_index_root_page_id_e2b3ae1d ON public.event_eventindexpage USING btree (index_root_page_id);


--
-- Name: event_eventindexpage_listing_image_id_9217c0a2; Type: INDEX; Schema: public; Owner: productivity_lab
--

CREATE INDEX event_eventindexpage_listing_image_id_9217c0a2 ON public.event_eventindexpage USING btree (listing_image_id);


--
-- Name: event_eventpage_event_image_id_27c8066a; Type: INDEX; Schema: public; Owner: productivity_lab
--

CREATE INDEX event_eventpage_event_image_id_27c8066a ON public.event_eventpage USING btree (event_image_id);


--
-- Name: home_homepage_splash_image_id_7a4bed1b; Type: INDEX; Schema: public; Owner: productivity_lab
--

CREATE INDEX home_homepage_splash_image_id_7a4bed1b ON public.home_homepage USING btree (splash_image_id);


--
-- Name: sitecore_siteimage_collection_id_a80dd2a5; Type: INDEX; Schema: public; Owner: productivity_lab
--

CREATE INDEX sitecore_siteimage_collection_id_a80dd2a5 ON public.sitecore_siteimage USING btree (collection_id);


--
-- Name: sitecore_siteimage_created_at_63a0e0e0; Type: INDEX; Schema: public; Owner: productivity_lab
--

CREATE INDEX sitecore_siteimage_created_at_63a0e0e0 ON public.sitecore_siteimage USING btree (created_at);


--
-- Name: sitecore_siteimage_file_hash_1187fe41; Type: INDEX; Schema: public; Owner: productivity_lab
--

CREATE INDEX sitecore_siteimage_file_hash_1187fe41 ON public.sitecore_siteimage USING btree (file_hash);


--
-- Name: sitecore_siteimage_file_hash_1187fe41_like; Type: INDEX; Schema: public; Owner: productivity_lab
--

CREATE INDEX sitecore_siteimage_file_hash_1187fe41_like ON public.sitecore_siteimage USING btree (file_hash varchar_pattern_ops);


--
-- Name: sitecore_siteimage_uploaded_by_user_id_22fb68d6; Type: INDEX; Schema: public; Owner: productivity_lab
--

CREATE INDEX sitecore_siteimage_uploaded_by_user_id_22fb68d6 ON public.sitecore_siteimage USING btree (uploaded_by_user_id);


--
-- Name: sitecore_sitepagetags_content_object_id_0f2dc545; Type: INDEX; Schema: public; Owner: productivity_lab
--

CREATE INDEX sitecore_sitepagetags_content_object_id_0f2dc545 ON public.sitecore_sitepagetags USING btree (content_object_id);


--
-- Name: sitecore_sitepagetags_tag_id_c9550277; Type: INDEX; Schema: public; Owner: productivity_lab
--

CREATE INDEX sitecore_sitepagetags_tag_id_c9550277 ON public.sitecore_sitepagetags USING btree (tag_id);


--
-- Name: sitecore_siterendition_filter_spec_9eb2e694; Type: INDEX; Schema: public; Owner: productivity_lab
--

CREATE INDEX sitecore_siterendition_filter_spec_9eb2e694 ON public.sitecore_siterendition USING btree (filter_spec);


--
-- Name: sitecore_siterendition_filter_spec_9eb2e694_like; Type: INDEX; Schema: public; Owner: productivity_lab
--

CREATE INDEX sitecore_siterendition_filter_spec_9eb2e694_like ON public.sitecore_siterendition USING btree (filter_spec varchar_pattern_ops);


--
-- Name: sitecore_siterendition_image_id_1da6db6e; Type: INDEX; Schema: public; Owner: productivity_lab
--

CREATE INDEX sitecore_siterendition_image_id_1da6db6e ON public.sitecore_siterendition USING btree (image_id);


--
-- Name: sitecore_sitesettings_brand_logo_id_71dec975; Type: INDEX; Schema: public; Owner: productivity_lab
--

CREATE INDEX sitecore_sitesettings_brand_logo_id_71dec975 ON public.sitecore_sitesettings USING btree (brand_logo_id);


--
-- Name: sitecore_sitesettings_password_image_id_0fded129; Type: INDEX; Schema: public; Owner: productivity_lab
--

CREATE INDEX sitecore_sitesettings_password_image_id_0fded129 ON public.sitecore_sitesettings USING btree (password_image_id);


--
-- Name: sitecore_textsnippettag_content_object_id_0b335b94; Type: INDEX; Schema: public; Owner: productivity_lab
--

CREATE INDEX sitecore_textsnippettag_content_object_id_0b335b94 ON public.sitecore_textsnippettag USING btree (content_object_id);


--
-- Name: sitecore_textsnippettag_tag_id_1edba755; Type: INDEX; Schema: public; Owner: productivity_lab
--

CREATE INDEX sitecore_textsnippettag_tag_id_1edba755 ON public.sitecore_textsnippettag USING btree (tag_id);


--
-- Name: siteuser_user_groups_group_id_acf6c00d; Type: INDEX; Schema: public; Owner: productivity_lab
--

CREATE INDEX siteuser_user_groups_group_id_acf6c00d ON public.siteuser_user_groups USING btree (group_id);


--
-- Name: siteuser_user_groups_user_id_7f092307; Type: INDEX; Schema: public; Owner: productivity_lab
--

CREATE INDEX siteuser_user_groups_user_id_7f092307 ON public.siteuser_user_groups USING btree (user_id);


--
-- Name: siteuser_user_user_permissions_permission_id_1fb4e6d5; Type: INDEX; Schema: public; Owner: productivity_lab
--

CREATE INDEX siteuser_user_user_permissions_permission_id_1fb4e6d5 ON public.siteuser_user_user_permissions USING btree (permission_id);


--
-- Name: siteuser_user_user_permissions_user_id_5232c25d; Type: INDEX; Schema: public; Owner: productivity_lab
--

CREATE INDEX siteuser_user_user_permissions_user_id_5232c25d ON public.siteuser_user_user_permissions USING btree (user_id);


--
-- Name: siteuser_user_username_eb86e386_like; Type: INDEX; Schema: public; Owner: productivity_lab
--

CREATE INDEX siteuser_user_username_eb86e386_like ON public.siteuser_user USING btree (username varchar_pattern_ops);


--
-- Name: taggit_tag_name_58eb2ed9_like; Type: INDEX; Schema: public; Owner: productivity_lab
--

CREATE INDEX taggit_tag_name_58eb2ed9_like ON public.taggit_tag USING btree (name varchar_pattern_ops);


--
-- Name: taggit_tag_slug_6be58b2c_like; Type: INDEX; Schema: public; Owner: productivity_lab
--

CREATE INDEX taggit_tag_slug_6be58b2c_like ON public.taggit_tag USING btree (slug varchar_pattern_ops);


--
-- Name: taggit_taggeditem_content_type_id_9957a03c; Type: INDEX; Schema: public; Owner: productivity_lab
--

CREATE INDEX taggit_taggeditem_content_type_id_9957a03c ON public.taggit_taggeditem USING btree (content_type_id);


--
-- Name: taggit_taggeditem_content_type_id_object_id_196cc965_idx; Type: INDEX; Schema: public; Owner: productivity_lab
--

CREATE INDEX taggit_taggeditem_content_type_id_object_id_196cc965_idx ON public.taggit_taggeditem USING btree (content_type_id, object_id);


--
-- Name: taggit_taggeditem_object_id_e2d7d1df; Type: INDEX; Schema: public; Owner: productivity_lab
--

CREATE INDEX taggit_taggeditem_object_id_e2d7d1df ON public.taggit_taggeditem USING btree (object_id);


--
-- Name: taggit_taggeditem_tag_id_f4f5b767; Type: INDEX; Schema: public; Owner: productivity_lab
--

CREATE INDEX taggit_taggeditem_tag_id_f4f5b767 ON public.taggit_taggeditem USING btree (tag_id);


--
-- Name: unique_in_progress_workflow; Type: INDEX; Schema: public; Owner: productivity_lab
--

CREATE UNIQUE INDEX unique_in_progress_workflow ON public.wagtailcore_workflowstate USING btree (base_content_type_id, object_id) WHERE ((status)::text = ANY ((ARRAY['in_progress'::character varying, 'needs_changes'::character varying])::text[]));


--
-- Name: wagtailcore_collection_path_d848dc19_like; Type: INDEX; Schema: public; Owner: productivity_lab
--

CREATE INDEX wagtailcore_collection_path_d848dc19_like ON public.wagtailcore_collection USING btree (path varchar_pattern_ops);


--
-- Name: wagtailcore_collectionview_collectionviewrestriction__47320efd; Type: INDEX; Schema: public; Owner: productivity_lab
--

CREATE INDEX wagtailcore_collectionview_collectionviewrestriction__47320efd ON public.wagtailcore_collectionviewrestriction_groups USING btree (collectionviewrestriction_id);


--
-- Name: wagtailcore_collectionviewrestriction_collection_id_761908ec; Type: INDEX; Schema: public; Owner: productivity_lab
--

CREATE INDEX wagtailcore_collectionviewrestriction_collection_id_761908ec ON public.wagtailcore_collectionviewrestriction USING btree (collection_id);


--
-- Name: wagtailcore_collectionviewrestriction_groups_group_id_1823f2a3; Type: INDEX; Schema: public; Owner: productivity_lab
--

CREATE INDEX wagtailcore_collectionviewrestriction_groups_group_id_1823f2a3 ON public.wagtailcore_collectionviewrestriction_groups USING btree (group_id);


--
-- Name: wagtailcore_comment_page_id_108444b5; Type: INDEX; Schema: public; Owner: productivity_lab
--

CREATE INDEX wagtailcore_comment_page_id_108444b5 ON public.wagtailcore_comment USING btree (page_id);


--
-- Name: wagtailcore_comment_resolved_by_id_a282aa0e; Type: INDEX; Schema: public; Owner: productivity_lab
--

CREATE INDEX wagtailcore_comment_resolved_by_id_a282aa0e ON public.wagtailcore_comment USING btree (resolved_by_id);


--
-- Name: wagtailcore_comment_revision_created_id_1d058279; Type: INDEX; Schema: public; Owner: productivity_lab
--

CREATE INDEX wagtailcore_comment_revision_created_id_1d058279 ON public.wagtailcore_comment USING btree (revision_created_id);


--
-- Name: wagtailcore_comment_user_id_0c577ca6; Type: INDEX; Schema: public; Owner: productivity_lab
--

CREATE INDEX wagtailcore_comment_user_id_0c577ca6 ON public.wagtailcore_comment USING btree (user_id);


--
-- Name: wagtailcore_commentreply_comment_id_afc7e027; Type: INDEX; Schema: public; Owner: productivity_lab
--

CREATE INDEX wagtailcore_commentreply_comment_id_afc7e027 ON public.wagtailcore_commentreply USING btree (comment_id);


--
-- Name: wagtailcore_commentreply_user_id_d0b3b9c3; Type: INDEX; Schema: public; Owner: productivity_lab
--

CREATE INDEX wagtailcore_commentreply_user_id_d0b3b9c3 ON public.wagtailcore_commentreply USING btree (user_id);


--
-- Name: wagtailcore_groupapprovalt_groupapprovaltask_id_9a9255ea; Type: INDEX; Schema: public; Owner: productivity_lab
--

CREATE INDEX wagtailcore_groupapprovalt_groupapprovaltask_id_9a9255ea ON public.wagtailcore_groupapprovaltask_groups USING btree (groupapprovaltask_id);


--
-- Name: wagtailcore_groupapprovaltask_groups_group_id_2e64b61f; Type: INDEX; Schema: public; Owner: productivity_lab
--

CREATE INDEX wagtailcore_groupapprovaltask_groups_group_id_2e64b61f ON public.wagtailcore_groupapprovaltask_groups USING btree (group_id);


--
-- Name: wagtailcore_groupcollectionpermission_collection_id_5423575a; Type: INDEX; Schema: public; Owner: productivity_lab
--

CREATE INDEX wagtailcore_groupcollectionpermission_collection_id_5423575a ON public.wagtailcore_groupcollectionpermission USING btree (collection_id);


--
-- Name: wagtailcore_groupcollectionpermission_group_id_05d61460; Type: INDEX; Schema: public; Owner: productivity_lab
--

CREATE INDEX wagtailcore_groupcollectionpermission_group_id_05d61460 ON public.wagtailcore_groupcollectionpermission USING btree (group_id);


--
-- Name: wagtailcore_groupcollectionpermission_permission_id_1b626275; Type: INDEX; Schema: public; Owner: productivity_lab
--

CREATE INDEX wagtailcore_groupcollectionpermission_permission_id_1b626275 ON public.wagtailcore_groupcollectionpermission USING btree (permission_id);


--
-- Name: wagtailcore_grouppagepermission_group_id_fc07e671; Type: INDEX; Schema: public; Owner: productivity_lab
--

CREATE INDEX wagtailcore_grouppagepermission_group_id_fc07e671 ON public.wagtailcore_grouppagepermission USING btree (group_id);


--
-- Name: wagtailcore_grouppagepermission_page_id_710b114a; Type: INDEX; Schema: public; Owner: productivity_lab
--

CREATE INDEX wagtailcore_grouppagepermission_page_id_710b114a ON public.wagtailcore_grouppagepermission USING btree (page_id);


--
-- Name: wagtailcore_grouppagepermission_permission_id_05acb22e; Type: INDEX; Schema: public; Owner: productivity_lab
--

CREATE INDEX wagtailcore_grouppagepermission_permission_id_05acb22e ON public.wagtailcore_grouppagepermission USING btree (permission_id);


--
-- Name: wagtailcore_locale_language_code_03149338_like; Type: INDEX; Schema: public; Owner: productivity_lab
--

CREATE INDEX wagtailcore_locale_language_code_03149338_like ON public.wagtailcore_locale USING btree (language_code varchar_pattern_ops);


--
-- Name: wagtailcore_modellogentry_action_d2d856ee; Type: INDEX; Schema: public; Owner: productivity_lab
--

CREATE INDEX wagtailcore_modellogentry_action_d2d856ee ON public.wagtailcore_modellogentry USING btree (action);


--
-- Name: wagtailcore_modellogentry_action_d2d856ee_like; Type: INDEX; Schema: public; Owner: productivity_lab
--

CREATE INDEX wagtailcore_modellogentry_action_d2d856ee_like ON public.wagtailcore_modellogentry USING btree (action varchar_pattern_ops);


--
-- Name: wagtailcore_modellogentry_content_changed_8bc39742; Type: INDEX; Schema: public; Owner: productivity_lab
--

CREATE INDEX wagtailcore_modellogentry_content_changed_8bc39742 ON public.wagtailcore_modellogentry USING btree (content_changed);


--
-- Name: wagtailcore_modellogentry_content_type_id_68849e77; Type: INDEX; Schema: public; Owner: productivity_lab
--

CREATE INDEX wagtailcore_modellogentry_content_type_id_68849e77 ON public.wagtailcore_modellogentry USING btree (content_type_id);


--
-- Name: wagtailcore_modellogentry_object_id_e0e7d4ef; Type: INDEX; Schema: public; Owner: productivity_lab
--

CREATE INDEX wagtailcore_modellogentry_object_id_e0e7d4ef ON public.wagtailcore_modellogentry USING btree (object_id);


--
-- Name: wagtailcore_modellogentry_object_id_e0e7d4ef_like; Type: INDEX; Schema: public; Owner: productivity_lab
--

CREATE INDEX wagtailcore_modellogentry_object_id_e0e7d4ef_like ON public.wagtailcore_modellogentry USING btree (object_id varchar_pattern_ops);


--
-- Name: wagtailcore_modellogentry_revision_id_df6ca33a; Type: INDEX; Schema: public; Owner: productivity_lab
--

CREATE INDEX wagtailcore_modellogentry_revision_id_df6ca33a ON public.wagtailcore_modellogentry USING btree (revision_id);


--
-- Name: wagtailcore_modellogentry_timestamp_9694521b; Type: INDEX; Schema: public; Owner: productivity_lab
--

CREATE INDEX wagtailcore_modellogentry_timestamp_9694521b ON public.wagtailcore_modellogentry USING btree ("timestamp");


--
-- Name: wagtailcore_modellogentry_user_id_0278d1bf; Type: INDEX; Schema: public; Owner: productivity_lab
--

CREATE INDEX wagtailcore_modellogentry_user_id_0278d1bf ON public.wagtailcore_modellogentry USING btree (user_id);


--
-- Name: wagtailcore_page_alias_of_id_12945502; Type: INDEX; Schema: public; Owner: productivity_lab
--

CREATE INDEX wagtailcore_page_alias_of_id_12945502 ON public.wagtailcore_page USING btree (alias_of_id);


--
-- Name: wagtailcore_page_content_type_id_c28424df; Type: INDEX; Schema: public; Owner: productivity_lab
--

CREATE INDEX wagtailcore_page_content_type_id_c28424df ON public.wagtailcore_page USING btree (content_type_id);


--
-- Name: wagtailcore_page_first_published_at_2b5dd637; Type: INDEX; Schema: public; Owner: productivity_lab
--

CREATE INDEX wagtailcore_page_first_published_at_2b5dd637 ON public.wagtailcore_page USING btree (first_published_at);


--
-- Name: wagtailcore_page_latest_revision_id_e60fef51; Type: INDEX; Schema: public; Owner: productivity_lab
--

CREATE INDEX wagtailcore_page_latest_revision_id_e60fef51 ON public.wagtailcore_page USING btree (latest_revision_id);


--
-- Name: wagtailcore_page_live_revision_id_930bd822; Type: INDEX; Schema: public; Owner: productivity_lab
--

CREATE INDEX wagtailcore_page_live_revision_id_930bd822 ON public.wagtailcore_page USING btree (live_revision_id);


--
-- Name: wagtailcore_page_locale_id_3c7e30a6; Type: INDEX; Schema: public; Owner: productivity_lab
--

CREATE INDEX wagtailcore_page_locale_id_3c7e30a6 ON public.wagtailcore_page USING btree (locale_id);


--
-- Name: wagtailcore_page_locked_by_id_bcb86245; Type: INDEX; Schema: public; Owner: productivity_lab
--

CREATE INDEX wagtailcore_page_locked_by_id_bcb86245 ON public.wagtailcore_page USING btree (locked_by_id);


--
-- Name: wagtailcore_page_owner_id_fbf7c332; Type: INDEX; Schema: public; Owner: productivity_lab
--

CREATE INDEX wagtailcore_page_owner_id_fbf7c332 ON public.wagtailcore_page USING btree (owner_id);


--
-- Name: wagtailcore_page_path_98eba2c8_like; Type: INDEX; Schema: public; Owner: productivity_lab
--

CREATE INDEX wagtailcore_page_path_98eba2c8_like ON public.wagtailcore_page USING btree (path varchar_pattern_ops);


--
-- Name: wagtailcore_page_slug_e7c11b8f; Type: INDEX; Schema: public; Owner: productivity_lab
--

CREATE INDEX wagtailcore_page_slug_e7c11b8f ON public.wagtailcore_page USING btree (slug);


--
-- Name: wagtailcore_page_slug_e7c11b8f_like; Type: INDEX; Schema: public; Owner: productivity_lab
--

CREATE INDEX wagtailcore_page_slug_e7c11b8f_like ON public.wagtailcore_page USING btree (slug varchar_pattern_ops);


--
-- Name: wagtailcore_pagelogentry_action_c2408198; Type: INDEX; Schema: public; Owner: productivity_lab
--

CREATE INDEX wagtailcore_pagelogentry_action_c2408198 ON public.wagtailcore_pagelogentry USING btree (action);


--
-- Name: wagtailcore_pagelogentry_action_c2408198_like; Type: INDEX; Schema: public; Owner: productivity_lab
--

CREATE INDEX wagtailcore_pagelogentry_action_c2408198_like ON public.wagtailcore_pagelogentry USING btree (action varchar_pattern_ops);


--
-- Name: wagtailcore_pagelogentry_content_changed_99f27ade; Type: INDEX; Schema: public; Owner: productivity_lab
--

CREATE INDEX wagtailcore_pagelogentry_content_changed_99f27ade ON public.wagtailcore_pagelogentry USING btree (content_changed);


--
-- Name: wagtailcore_pagelogentry_content_type_id_74e7708a; Type: INDEX; Schema: public; Owner: productivity_lab
--

CREATE INDEX wagtailcore_pagelogentry_content_type_id_74e7708a ON public.wagtailcore_pagelogentry USING btree (content_type_id);


--
-- Name: wagtailcore_pagelogentry_page_id_8464e327; Type: INDEX; Schema: public; Owner: productivity_lab
--

CREATE INDEX wagtailcore_pagelogentry_page_id_8464e327 ON public.wagtailcore_pagelogentry USING btree (page_id);


--
-- Name: wagtailcore_pagelogentry_revision_id_8043d103; Type: INDEX; Schema: public; Owner: productivity_lab
--

CREATE INDEX wagtailcore_pagelogentry_revision_id_8043d103 ON public.wagtailcore_pagelogentry USING btree (revision_id);


--
-- Name: wagtailcore_pagelogentry_timestamp_deb774c4; Type: INDEX; Schema: public; Owner: productivity_lab
--

CREATE INDEX wagtailcore_pagelogentry_timestamp_deb774c4 ON public.wagtailcore_pagelogentry USING btree ("timestamp");


--
-- Name: wagtailcore_pagelogentry_user_id_604ccfd8; Type: INDEX; Schema: public; Owner: productivity_lab
--

CREATE INDEX wagtailcore_pagelogentry_user_id_604ccfd8 ON public.wagtailcore_pagelogentry USING btree (user_id);


--
-- Name: wagtailcore_pagerevision_approved_go_live_at_e56afc67; Type: INDEX; Schema: public; Owner: productivity_lab
--

CREATE INDEX wagtailcore_pagerevision_approved_go_live_at_e56afc67 ON public.wagtailcore_revision USING btree (approved_go_live_at);


--
-- Name: wagtailcore_pagerevision_created_at_66954e3b; Type: INDEX; Schema: public; Owner: productivity_lab
--

CREATE INDEX wagtailcore_pagerevision_created_at_66954e3b ON public.wagtailcore_revision USING btree (created_at);


--
-- Name: wagtailcore_pagerevision_submitted_for_moderation_c682e44c; Type: INDEX; Schema: public; Owner: productivity_lab
--

CREATE INDEX wagtailcore_pagerevision_submitted_for_moderation_c682e44c ON public.wagtailcore_revision USING btree (submitted_for_moderation);


--
-- Name: wagtailcore_pagerevision_user_id_2409d2f4; Type: INDEX; Schema: public; Owner: productivity_lab
--

CREATE INDEX wagtailcore_pagerevision_user_id_2409d2f4 ON public.wagtailcore_revision USING btree (user_id);


--
-- Name: wagtailcore_pagesubscription_page_id_a085e7a6; Type: INDEX; Schema: public; Owner: productivity_lab
--

CREATE INDEX wagtailcore_pagesubscription_page_id_a085e7a6 ON public.wagtailcore_pagesubscription USING btree (page_id);


--
-- Name: wagtailcore_pagesubscription_user_id_89d7def9; Type: INDEX; Schema: public; Owner: productivity_lab
--

CREATE INDEX wagtailcore_pagesubscription_user_id_89d7def9 ON public.wagtailcore_pagesubscription USING btree (user_id);


--
-- Name: wagtailcore_pageviewrestri_pageviewrestriction_id_f147a99a; Type: INDEX; Schema: public; Owner: productivity_lab
--

CREATE INDEX wagtailcore_pageviewrestri_pageviewrestriction_id_f147a99a ON public.wagtailcore_pageviewrestriction_groups USING btree (pageviewrestriction_id);


--
-- Name: wagtailcore_pageviewrestriction_groups_group_id_6460f223; Type: INDEX; Schema: public; Owner: productivity_lab
--

CREATE INDEX wagtailcore_pageviewrestriction_groups_group_id_6460f223 ON public.wagtailcore_pageviewrestriction_groups USING btree (group_id);


--
-- Name: wagtailcore_pageviewrestriction_page_id_15a8bea6; Type: INDEX; Schema: public; Owner: productivity_lab
--

CREATE INDEX wagtailcore_pageviewrestriction_page_id_15a8bea6 ON public.wagtailcore_pageviewrestriction USING btree (page_id);


--
-- Name: wagtailcore_referenceindex_base_content_type_id_313cf40f; Type: INDEX; Schema: public; Owner: productivity_lab
--

CREATE INDEX wagtailcore_referenceindex_base_content_type_id_313cf40f ON public.wagtailcore_referenceindex USING btree (base_content_type_id);


--
-- Name: wagtailcore_referenceindex_content_type_id_766e0336; Type: INDEX; Schema: public; Owner: productivity_lab
--

CREATE INDEX wagtailcore_referenceindex_content_type_id_766e0336 ON public.wagtailcore_referenceindex USING btree (content_type_id);


--
-- Name: wagtailcore_referenceindex_to_content_type_id_93690bbd; Type: INDEX; Schema: public; Owner: productivity_lab
--

CREATE INDEX wagtailcore_referenceindex_to_content_type_id_93690bbd ON public.wagtailcore_referenceindex USING btree (to_content_type_id);


--
-- Name: wagtailcore_revision_base_content_type_id_5b4ef7bd; Type: INDEX; Schema: public; Owner: productivity_lab
--

CREATE INDEX wagtailcore_revision_base_content_type_id_5b4ef7bd ON public.wagtailcore_revision USING btree (base_content_type_id);


--
-- Name: wagtailcore_revision_content_type_id_c8cb69c0; Type: INDEX; Schema: public; Owner: productivity_lab
--

CREATE INDEX wagtailcore_revision_content_type_id_c8cb69c0 ON public.wagtailcore_revision USING btree (content_type_id);


--
-- Name: wagtailcore_site_hostname_96b20b46; Type: INDEX; Schema: public; Owner: productivity_lab
--

CREATE INDEX wagtailcore_site_hostname_96b20b46 ON public.wagtailcore_site USING btree (hostname);


--
-- Name: wagtailcore_site_hostname_96b20b46_like; Type: INDEX; Schema: public; Owner: productivity_lab
--

CREATE INDEX wagtailcore_site_hostname_96b20b46_like ON public.wagtailcore_site USING btree (hostname varchar_pattern_ops);


--
-- Name: wagtailcore_site_root_page_id_e02fb95c; Type: INDEX; Schema: public; Owner: productivity_lab
--

CREATE INDEX wagtailcore_site_root_page_id_e02fb95c ON public.wagtailcore_site USING btree (root_page_id);


--
-- Name: wagtailcore_task_content_type_id_249ab8ba; Type: INDEX; Schema: public; Owner: productivity_lab
--

CREATE INDEX wagtailcore_task_content_type_id_249ab8ba ON public.wagtailcore_task USING btree (content_type_id);


--
-- Name: wagtailcore_taskstate_content_type_id_0a758fdc; Type: INDEX; Schema: public; Owner: productivity_lab
--

CREATE INDEX wagtailcore_taskstate_content_type_id_0a758fdc ON public.wagtailcore_taskstate USING btree (content_type_id);


--
-- Name: wagtailcore_taskstate_finished_by_id_13f98229; Type: INDEX; Schema: public; Owner: productivity_lab
--

CREATE INDEX wagtailcore_taskstate_finished_by_id_13f98229 ON public.wagtailcore_taskstate USING btree (finished_by_id);


--
-- Name: wagtailcore_taskstate_page_revision_id_9f52c88e; Type: INDEX; Schema: public; Owner: productivity_lab
--

CREATE INDEX wagtailcore_taskstate_page_revision_id_9f52c88e ON public.wagtailcore_taskstate USING btree (revision_id);


--
-- Name: wagtailcore_taskstate_task_id_c3677c34; Type: INDEX; Schema: public; Owner: productivity_lab
--

CREATE INDEX wagtailcore_taskstate_task_id_c3677c34 ON public.wagtailcore_taskstate USING btree (task_id);


--
-- Name: wagtailcore_taskstate_workflow_state_id_9239a775; Type: INDEX; Schema: public; Owner: productivity_lab
--

CREATE INDEX wagtailcore_taskstate_workflow_state_id_9239a775 ON public.wagtailcore_taskstate USING btree (workflow_state_id);


--
-- Name: wagtailcore_workflowcontenttype_workflow_id_9aad7cd2; Type: INDEX; Schema: public; Owner: productivity_lab
--

CREATE INDEX wagtailcore_workflowcontenttype_workflow_id_9aad7cd2 ON public.wagtailcore_workflowcontenttype USING btree (workflow_id);


--
-- Name: wagtailcore_workflowpage_workflow_id_56f56ff6; Type: INDEX; Schema: public; Owner: productivity_lab
--

CREATE INDEX wagtailcore_workflowpage_workflow_id_56f56ff6 ON public.wagtailcore_workflowpage USING btree (workflow_id);


--
-- Name: wagtailcore_workflowstate_base_content_type_id_a30dc576; Type: INDEX; Schema: public; Owner: productivity_lab
--

CREATE INDEX wagtailcore_workflowstate_base_content_type_id_a30dc576 ON public.wagtailcore_workflowstate USING btree (base_content_type_id);


--
-- Name: wagtailcore_workflowstate_content_type_id_2bb78ce1; Type: INDEX; Schema: public; Owner: productivity_lab
--

CREATE INDEX wagtailcore_workflowstate_content_type_id_2bb78ce1 ON public.wagtailcore_workflowstate USING btree (content_type_id);


--
-- Name: wagtailcore_workflowstate_requested_by_id_4090bca3; Type: INDEX; Schema: public; Owner: productivity_lab
--

CREATE INDEX wagtailcore_workflowstate_requested_by_id_4090bca3 ON public.wagtailcore_workflowstate USING btree (requested_by_id);


--
-- Name: wagtailcore_workflowstate_workflow_id_1f18378f; Type: INDEX; Schema: public; Owner: productivity_lab
--

CREATE INDEX wagtailcore_workflowstate_workflow_id_1f18378f ON public.wagtailcore_workflowstate USING btree (workflow_id);


--
-- Name: wagtailcore_workflowtask_task_id_ce7716fe; Type: INDEX; Schema: public; Owner: productivity_lab
--

CREATE INDEX wagtailcore_workflowtask_task_id_ce7716fe ON public.wagtailcore_workflowtask USING btree (task_id);


--
-- Name: wagtailcore_workflowtask_workflow_id_b9717175; Type: INDEX; Schema: public; Owner: productivity_lab
--

CREATE INDEX wagtailcore_workflowtask_workflow_id_b9717175 ON public.wagtailcore_workflowtask USING btree (workflow_id);


--
-- Name: wagtaildocs_document_collection_id_23881625; Type: INDEX; Schema: public; Owner: productivity_lab
--

CREATE INDEX wagtaildocs_document_collection_id_23881625 ON public.wagtaildocs_document USING btree (collection_id);


--
-- Name: wagtaildocs_document_uploaded_by_user_id_17258b41; Type: INDEX; Schema: public; Owner: productivity_lab
--

CREATE INDEX wagtaildocs_document_uploaded_by_user_id_17258b41 ON public.wagtaildocs_document USING btree (uploaded_by_user_id);


--
-- Name: wagtaildocs_uploadeddocument_uploaded_by_user_id_8dd61a73; Type: INDEX; Schema: public; Owner: productivity_lab
--

CREATE INDEX wagtaildocs_uploadeddocument_uploaded_by_user_id_8dd61a73 ON public.wagtaildocs_uploadeddocument USING btree (uploaded_by_user_id);


--
-- Name: wagtailembeds_embed_cache_until_26c94bb0; Type: INDEX; Schema: public; Owner: productivity_lab
--

CREATE INDEX wagtailembeds_embed_cache_until_26c94bb0 ON public.wagtailembeds_embed USING btree (cache_until);


--
-- Name: wagtailembeds_embed_hash_c9bd8c9a_like; Type: INDEX; Schema: public; Owner: productivity_lab
--

CREATE INDEX wagtailembeds_embed_hash_c9bd8c9a_like ON public.wagtailembeds_embed USING btree (hash varchar_pattern_ops);


--
-- Name: wagtailforms_formsubmission_page_id_e48e93e7; Type: INDEX; Schema: public; Owner: productivity_lab
--

CREATE INDEX wagtailforms_formsubmission_page_id_e48e93e7 ON public.wagtailforms_formsubmission USING btree (page_id);


--
-- Name: wagtailimages_image_collection_id_c2f8af7e; Type: INDEX; Schema: public; Owner: productivity_lab
--

CREATE INDEX wagtailimages_image_collection_id_c2f8af7e ON public.wagtailimages_image USING btree (collection_id);


--
-- Name: wagtailimages_image_created_at_86fa6cd4; Type: INDEX; Schema: public; Owner: productivity_lab
--

CREATE INDEX wagtailimages_image_created_at_86fa6cd4 ON public.wagtailimages_image USING btree (created_at);


--
-- Name: wagtailimages_image_file_hash_fb5bbb23; Type: INDEX; Schema: public; Owner: productivity_lab
--

CREATE INDEX wagtailimages_image_file_hash_fb5bbb23 ON public.wagtailimages_image USING btree (file_hash);


--
-- Name: wagtailimages_image_file_hash_fb5bbb23_like; Type: INDEX; Schema: public; Owner: productivity_lab
--

CREATE INDEX wagtailimages_image_file_hash_fb5bbb23_like ON public.wagtailimages_image USING btree (file_hash varchar_pattern_ops);


--
-- Name: wagtailimages_image_uploaded_by_user_id_5d73dc75; Type: INDEX; Schema: public; Owner: productivity_lab
--

CREATE INDEX wagtailimages_image_uploaded_by_user_id_5d73dc75 ON public.wagtailimages_image USING btree (uploaded_by_user_id);


--
-- Name: wagtailimages_rendition_filter_spec_1cba3201; Type: INDEX; Schema: public; Owner: productivity_lab
--

CREATE INDEX wagtailimages_rendition_filter_spec_1cba3201 ON public.wagtailimages_rendition USING btree (filter_spec);


--
-- Name: wagtailimages_rendition_filter_spec_1cba3201_like; Type: INDEX; Schema: public; Owner: productivity_lab
--

CREATE INDEX wagtailimages_rendition_filter_spec_1cba3201_like ON public.wagtailimages_rendition USING btree (filter_spec varchar_pattern_ops);


--
-- Name: wagtailimages_rendition_image_id_3e1fd774; Type: INDEX; Schema: public; Owner: productivity_lab
--

CREATE INDEX wagtailimages_rendition_image_id_3e1fd774 ON public.wagtailimages_rendition USING btree (image_id);


--
-- Name: wagtailimages_uploadedimage_uploaded_by_user_id_85921689; Type: INDEX; Schema: public; Owner: productivity_lab
--

CREATE INDEX wagtailimages_uploadedimage_uploaded_by_user_id_85921689 ON public.wagtailimages_uploadedimage USING btree (uploaded_by_user_id);


--
-- Name: wagtailmedia_media_collection_id_96a2317d; Type: INDEX; Schema: public; Owner: productivity_lab
--

CREATE INDEX wagtailmedia_media_collection_id_96a2317d ON public.wagtailmedia_media USING btree (collection_id);


--
-- Name: wagtailmedia_media_uploaded_by_user_id_96e8e61b; Type: INDEX; Schema: public; Owner: productivity_lab
--

CREATE INDEX wagtailmedia_media_uploaded_by_user_id_96e8e61b ON public.wagtailmedia_media USING btree (uploaded_by_user_id);


--
-- Name: wagtailmenus_flatmenu_handle_fd420cad; Type: INDEX; Schema: public; Owner: productivity_lab
--

CREATE INDEX wagtailmenus_flatmenu_handle_fd420cad ON public.wagtailmenus_flatmenu USING btree (handle);


--
-- Name: wagtailmenus_flatmenu_handle_fd420cad_like; Type: INDEX; Schema: public; Owner: productivity_lab
--

CREATE INDEX wagtailmenus_flatmenu_handle_fd420cad_like ON public.wagtailmenus_flatmenu USING btree (handle varchar_pattern_ops);


--
-- Name: wagtailmenus_flatmenu_site_id_516a598d; Type: INDEX; Schema: public; Owner: productivity_lab
--

CREATE INDEX wagtailmenus_flatmenu_site_id_516a598d ON public.wagtailmenus_flatmenu USING btree (site_id);


--
-- Name: wagtailmenus_flatmenuitem_link_page_id_36779c0f; Type: INDEX; Schema: public; Owner: productivity_lab
--

CREATE INDEX wagtailmenus_flatmenuitem_link_page_id_36779c0f ON public.wagtailmenus_flatmenuitem USING btree (link_page_id);


--
-- Name: wagtailmenus_flatmenuitem_menu_id_757c39da; Type: INDEX; Schema: public; Owner: productivity_lab
--

CREATE INDEX wagtailmenus_flatmenuitem_menu_id_757c39da ON public.wagtailmenus_flatmenuitem USING btree (menu_id);


--
-- Name: wagtailmenus_mainmenuitem_link_page_id_208a4a4d; Type: INDEX; Schema: public; Owner: productivity_lab
--

CREATE INDEX wagtailmenus_mainmenuitem_link_page_id_208a4a4d ON public.wagtailmenus_mainmenuitem USING btree (link_page_id);


--
-- Name: wagtailmenus_mainmenuitem_menu_id_6505d4c4; Type: INDEX; Schema: public; Owner: productivity_lab
--

CREATE INDEX wagtailmenus_mainmenuitem_menu_id_6505d4c4 ON public.wagtailmenus_mainmenuitem USING btree (menu_id);


--
-- Name: wagtailredirects_redirect_old_path_bb35247b; Type: INDEX; Schema: public; Owner: productivity_lab
--

CREATE INDEX wagtailredirects_redirect_old_path_bb35247b ON public.wagtailredirects_redirect USING btree (old_path);


--
-- Name: wagtailredirects_redirect_old_path_bb35247b_like; Type: INDEX; Schema: public; Owner: productivity_lab
--

CREATE INDEX wagtailredirects_redirect_old_path_bb35247b_like ON public.wagtailredirects_redirect USING btree (old_path varchar_pattern_ops);


--
-- Name: wagtailredirects_redirect_redirect_page_id_b5728a8f; Type: INDEX; Schema: public; Owner: productivity_lab
--

CREATE INDEX wagtailredirects_redirect_redirect_page_id_b5728a8f ON public.wagtailredirects_redirect USING btree (redirect_page_id);


--
-- Name: wagtailredirects_redirect_site_id_780a0e1e; Type: INDEX; Schema: public; Owner: productivity_lab
--

CREATE INDEX wagtailredirects_redirect_site_id_780a0e1e ON public.wagtailredirects_redirect USING btree (site_id);


--
-- Name: wagtailsear_autocom_476c89_gin; Type: INDEX; Schema: public; Owner: productivity_lab
--

CREATE INDEX wagtailsear_autocom_476c89_gin ON public.wagtailsearch_indexentry USING gin (autocomplete);


--
-- Name: wagtailsear_body_90c85d_gin; Type: INDEX; Schema: public; Owner: productivity_lab
--

CREATE INDEX wagtailsear_body_90c85d_gin ON public.wagtailsearch_indexentry USING gin (body);


--
-- Name: wagtailsear_title_9caae0_gin; Type: INDEX; Schema: public; Owner: productivity_lab
--

CREATE INDEX wagtailsear_title_9caae0_gin ON public.wagtailsearch_indexentry USING gin (title);


--
-- Name: wagtailsearch_indexentry_content_type_id_62ed694f; Type: INDEX; Schema: public; Owner: productivity_lab
--

CREATE INDEX wagtailsearch_indexentry_content_type_id_62ed694f ON public.wagtailsearch_indexentry USING btree (content_type_id);


--
-- Name: wagtailsearch_query_query_string_e785ea07_like; Type: INDEX; Schema: public; Owner: productivity_lab
--

CREATE INDEX wagtailsearch_query_query_string_e785ea07_like ON public.wagtailsearch_query USING btree (query_string varchar_pattern_ops);


--
-- Name: wagtailsearch_querydailyhits_query_id_2185994b; Type: INDEX; Schema: public; Owner: productivity_lab
--

CREATE INDEX wagtailsearch_querydailyhits_query_id_2185994b ON public.wagtailsearch_querydailyhits USING btree (query_id);


--
-- Name: workflowstate_base_ct_id_idx; Type: INDEX; Schema: public; Owner: productivity_lab
--

CREATE INDEX workflowstate_base_ct_id_idx ON public.wagtailcore_workflowstate USING btree (base_content_type_id, object_id);


--
-- Name: workflowstate_ct_id_idx; Type: INDEX; Schema: public; Owner: productivity_lab
--

CREATE INDEX workflowstate_ct_id_idx ON public.wagtailcore_workflowstate USING btree (content_type_id, object_id);


--
-- Name: article_articleindexbydatepage article_articleindex_articleindexpage_ptr_be612c64_fk_article_a; Type: FK CONSTRAINT; Schema: public; Owner: productivity_lab
--

ALTER TABLE ONLY public.article_articleindexbydatepage
    ADD CONSTRAINT article_articleindex_articleindexpage_ptr_be612c64_fk_article_a FOREIGN KEY (articleindexpage_ptr_id) REFERENCES public.article_articleindexpage(sitepage_ptr_id) DEFERRABLE INITIALLY DEFERRED;


--
-- Name: article_articleindexpage article_articleindex_default_thumbnail_id_b881039f_fk_sitecore_; Type: FK CONSTRAINT; Schema: public; Owner: productivity_lab
--

ALTER TABLE ONLY public.article_articleindexpage
    ADD CONSTRAINT article_articleindex_default_thumbnail_id_b881039f_fk_sitecore_ FOREIGN KEY (default_thumbnail_id) REFERENCES public.sitecore_siteimage(id) DEFERRABLE INITIALLY DEFERRED;


--
-- Name: article_articleindexpage article_articleindex_sitepage_ptr_id_138b7a55_fk_sitecore_; Type: FK CONSTRAINT; Schema: public; Owner: productivity_lab
--

ALTER TABLE ONLY public.article_articleindexpage
    ADD CONSTRAINT article_articleindex_sitepage_ptr_id_138b7a55_fk_sitecore_ FOREIGN KEY (sitepage_ptr_id) REFERENCES public.sitecore_sitepage(page_ptr_id) DEFERRABLE INITIALLY DEFERRED;


--
-- Name: article_articlepage article_articlepage_article_image_id_3704f552_fk_sitecore_; Type: FK CONSTRAINT; Schema: public; Owner: productivity_lab
--

ALTER TABLE ONLY public.article_articlepage
    ADD CONSTRAINT article_articlepage_article_image_id_3704f552_fk_sitecore_ FOREIGN KEY (article_image_id) REFERENCES public.sitecore_siteimage(id) DEFERRABLE INITIALLY DEFERRED;


--
-- Name: article_articlepage article_articlepage_sitepage_ptr_id_31e99313_fk_sitecore_; Type: FK CONSTRAINT; Schema: public; Owner: productivity_lab
--

ALTER TABLE ONLY public.article_articlepage
    ADD CONSTRAINT article_articlepage_sitepage_ptr_id_31e99313_fk_sitecore_ FOREIGN KEY (sitepage_ptr_id) REFERENCES public.sitecore_sitepage(page_ptr_id) DEFERRABLE INITIALLY DEFERRED;


--
-- Name: article_articlepage article_articlepage_splash_image_id_8524e084_fk_sitecore_; Type: FK CONSTRAINT; Schema: public; Owner: productivity_lab
--

ALTER TABLE ONLY public.article_articlepage
    ADD CONSTRAINT article_articlepage_splash_image_id_8524e084_fk_sitecore_ FOREIGN KEY (splash_image_id) REFERENCES public.sitecore_siteimage(id) DEFERRABLE INITIALLY DEFERRED;


--
-- Name: article_articlepage article_articlepage_thumbnail_image_id_4c6df359_fk_sitecore_; Type: FK CONSTRAINT; Schema: public; Owner: productivity_lab
--

ALTER TABLE ONLY public.article_articlepage
    ADD CONSTRAINT article_articlepage_thumbnail_image_id_4c6df359_fk_sitecore_ FOREIGN KEY (thumbnail_image_id) REFERENCES public.sitecore_siteimage(id) DEFERRABLE INITIALLY DEFERRED;


--
-- Name: auth_group_permissions auth_group_permissio_permission_id_84c5c92e_fk_auth_perm; Type: FK CONSTRAINT; Schema: public; Owner: productivity_lab
--

ALTER TABLE ONLY public.auth_group_permissions
    ADD CONSTRAINT auth_group_permissio_permission_id_84c5c92e_fk_auth_perm FOREIGN KEY (permission_id) REFERENCES public.auth_permission(id) DEFERRABLE INITIALLY DEFERRED;


--
-- Name: auth_group_permissions auth_group_permissions_group_id_b120cbf9_fk_auth_group_id; Type: FK CONSTRAINT; Schema: public; Owner: productivity_lab
--

ALTER TABLE ONLY public.auth_group_permissions
    ADD CONSTRAINT auth_group_permissions_group_id_b120cbf9_fk_auth_group_id FOREIGN KEY (group_id) REFERENCES public.auth_group(id) DEFERRABLE INITIALLY DEFERRED;


--
-- Name: auth_permission auth_permission_content_type_id_2f476e4b_fk_django_co; Type: FK CONSTRAINT; Schema: public; Owner: productivity_lab
--

ALTER TABLE ONLY public.auth_permission
    ADD CONSTRAINT auth_permission_content_type_id_2f476e4b_fk_django_co FOREIGN KEY (content_type_id) REFERENCES public.django_content_type(id) DEFERRABLE INITIALLY DEFERRED;


--
-- Name: django_admin_log django_admin_log_content_type_id_c4bce8eb_fk_django_co; Type: FK CONSTRAINT; Schema: public; Owner: productivity_lab
--

ALTER TABLE ONLY public.django_admin_log
    ADD CONSTRAINT django_admin_log_content_type_id_c4bce8eb_fk_django_co FOREIGN KEY (content_type_id) REFERENCES public.django_content_type(id) DEFERRABLE INITIALLY DEFERRED;


--
-- Name: django_admin_log django_admin_log_user_id_c564eba6_fk_siteuser_user_id; Type: FK CONSTRAINT; Schema: public; Owner: productivity_lab
--

ALTER TABLE ONLY public.django_admin_log
    ADD CONSTRAINT django_admin_log_user_id_c564eba6_fk_siteuser_user_id FOREIGN KEY (user_id) REFERENCES public.siteuser_user(id) DEFERRABLE INITIALLY DEFERRED;


--
-- Name: event_eventindexpage event_eventindexpage_index_root_page_id_e2b3ae1d_fk_wagtailco; Type: FK CONSTRAINT; Schema: public; Owner: productivity_lab
--

ALTER TABLE ONLY public.event_eventindexpage
    ADD CONSTRAINT event_eventindexpage_index_root_page_id_e2b3ae1d_fk_wagtailco FOREIGN KEY (index_root_page_id) REFERENCES public.wagtailcore_page(id) DEFERRABLE INITIALLY DEFERRED;


--
-- Name: event_eventindexpage event_eventindexpage_listing_image_id_9217c0a2_fk_sitecore_; Type: FK CONSTRAINT; Schema: public; Owner: productivity_lab
--

ALTER TABLE ONLY public.event_eventindexpage
    ADD CONSTRAINT event_eventindexpage_listing_image_id_9217c0a2_fk_sitecore_ FOREIGN KEY (listing_image_id) REFERENCES public.sitecore_siteimage(id) DEFERRABLE INITIALLY DEFERRED;


--
-- Name: event_eventindexpage event_eventindexpage_sitepage_ptr_id_38883911_fk_sitecore_; Type: FK CONSTRAINT; Schema: public; Owner: productivity_lab
--

ALTER TABLE ONLY public.event_eventindexpage
    ADD CONSTRAINT event_eventindexpage_sitepage_ptr_id_38883911_fk_sitecore_ FOREIGN KEY (sitepage_ptr_id) REFERENCES public.sitecore_sitepage(page_ptr_id) DEFERRABLE INITIALLY DEFERRED;


--
-- Name: event_eventpage event_eventpage_event_image_id_27c8066a_fk_sitecore_; Type: FK CONSTRAINT; Schema: public; Owner: productivity_lab
--

ALTER TABLE ONLY public.event_eventpage
    ADD CONSTRAINT event_eventpage_event_image_id_27c8066a_fk_sitecore_ FOREIGN KEY (event_image_id) REFERENCES public.sitecore_siteimage(id) DEFERRABLE INITIALLY DEFERRED;


--
-- Name: event_eventpage event_eventpage_sitepage_ptr_id_98d77257_fk_sitecore_; Type: FK CONSTRAINT; Schema: public; Owner: productivity_lab
--

ALTER TABLE ONLY public.event_eventpage
    ADD CONSTRAINT event_eventpage_sitepage_ptr_id_98d77257_fk_sitecore_ FOREIGN KEY (sitepage_ptr_id) REFERENCES public.sitecore_sitepage(page_ptr_id) DEFERRABLE INITIALLY DEFERRED;


--
-- Name: home_homepage home_homepage_sitepage_ptr_id_f9766fc0_fk_sitecore_; Type: FK CONSTRAINT; Schema: public; Owner: productivity_lab
--

ALTER TABLE ONLY public.home_homepage
    ADD CONSTRAINT home_homepage_sitepage_ptr_id_f9766fc0_fk_sitecore_ FOREIGN KEY (sitepage_ptr_id) REFERENCES public.sitecore_sitepage(page_ptr_id) DEFERRABLE INITIALLY DEFERRED;


--
-- Name: home_homepage home_homepage_splash_image_id_7a4bed1b_fk_sitecore_siteimage_id; Type: FK CONSTRAINT; Schema: public; Owner: productivity_lab
--

ALTER TABLE ONLY public.home_homepage
    ADD CONSTRAINT home_homepage_splash_image_id_7a4bed1b_fk_sitecore_siteimage_id FOREIGN KEY (splash_image_id) REFERENCES public.sitecore_siteimage(id) DEFERRABLE INITIALLY DEFERRED;


--
-- Name: sitecore_emailsettings sitecore_emailsettings_site_id_c7f16069_fk_wagtailcore_site_id; Type: FK CONSTRAINT; Schema: public; Owner: productivity_lab
--

ALTER TABLE ONLY public.sitecore_emailsettings
    ADD CONSTRAINT sitecore_emailsettings_site_id_c7f16069_fk_wagtailcore_site_id FOREIGN KEY (site_id) REFERENCES public.wagtailcore_site(id) DEFERRABLE INITIALLY DEFERRED;


--
-- Name: sitecore_siteimage sitecore_siteimage_collection_id_a80dd2a5_fk_wagtailco; Type: FK CONSTRAINT; Schema: public; Owner: productivity_lab
--

ALTER TABLE ONLY public.sitecore_siteimage
    ADD CONSTRAINT sitecore_siteimage_collection_id_a80dd2a5_fk_wagtailco FOREIGN KEY (collection_id) REFERENCES public.wagtailcore_collection(id) DEFERRABLE INITIALLY DEFERRED;


--
-- Name: sitecore_siteimage sitecore_siteimage_uploaded_by_user_id_22fb68d6_fk_siteuser_; Type: FK CONSTRAINT; Schema: public; Owner: productivity_lab
--

ALTER TABLE ONLY public.sitecore_siteimage
    ADD CONSTRAINT sitecore_siteimage_uploaded_by_user_id_22fb68d6_fk_siteuser_ FOREIGN KEY (uploaded_by_user_id) REFERENCES public.siteuser_user(id) DEFERRABLE INITIALLY DEFERRED;


--
-- Name: sitecore_sitepage sitecore_sitepage_page_ptr_id_18f14fca_fk_wagtailcore_page_id; Type: FK CONSTRAINT; Schema: public; Owner: productivity_lab
--

ALTER TABLE ONLY public.sitecore_sitepage
    ADD CONSTRAINT sitecore_sitepage_page_ptr_id_18f14fca_fk_wagtailcore_page_id FOREIGN KEY (page_ptr_id) REFERENCES public.wagtailcore_page(id) DEFERRABLE INITIALLY DEFERRED;


--
-- Name: sitecore_sitepagetags sitecore_sitepagetag_content_object_id_0f2dc545_fk_sitecore_; Type: FK CONSTRAINT; Schema: public; Owner: productivity_lab
--

ALTER TABLE ONLY public.sitecore_sitepagetags
    ADD CONSTRAINT sitecore_sitepagetag_content_object_id_0f2dc545_fk_sitecore_ FOREIGN KEY (content_object_id) REFERENCES public.sitecore_sitepage(page_ptr_id) DEFERRABLE INITIALLY DEFERRED;


--
-- Name: sitecore_sitepagetags sitecore_sitepagetags_tag_id_c9550277_fk_taggit_tag_id; Type: FK CONSTRAINT; Schema: public; Owner: productivity_lab
--

ALTER TABLE ONLY public.sitecore_sitepagetags
    ADD CONSTRAINT sitecore_sitepagetags_tag_id_c9550277_fk_taggit_tag_id FOREIGN KEY (tag_id) REFERENCES public.taggit_tag(id) DEFERRABLE INITIALLY DEFERRED;


--
-- Name: sitecore_siterendition sitecore_siterenditi_image_id_1da6db6e_fk_sitecore_; Type: FK CONSTRAINT; Schema: public; Owner: productivity_lab
--

ALTER TABLE ONLY public.sitecore_siterendition
    ADD CONSTRAINT sitecore_siterenditi_image_id_1da6db6e_fk_sitecore_ FOREIGN KEY (image_id) REFERENCES public.sitecore_siteimage(id) DEFERRABLE INITIALLY DEFERRED;


--
-- Name: sitecore_sitesearchindexpage sitecore_sitesearchi_sitepage_ptr_id_8ef6b451_fk_sitecore_; Type: FK CONSTRAINT; Schema: public; Owner: productivity_lab
--

ALTER TABLE ONLY public.sitecore_sitesearchindexpage
    ADD CONSTRAINT sitecore_sitesearchi_sitepage_ptr_id_8ef6b451_fk_sitecore_ FOREIGN KEY (sitepage_ptr_id) REFERENCES public.sitecore_sitepage(page_ptr_id) DEFERRABLE INITIALLY DEFERRED;


--
-- Name: sitecore_sitesettings sitecore_sitesetting_brand_logo_id_71dec975_fk_sitecore_; Type: FK CONSTRAINT; Schema: public; Owner: productivity_lab
--

ALTER TABLE ONLY public.sitecore_sitesettings
    ADD CONSTRAINT sitecore_sitesetting_brand_logo_id_71dec975_fk_sitecore_ FOREIGN KEY (brand_logo_id) REFERENCES public.sitecore_siteimage(id) DEFERRABLE INITIALLY DEFERRED;


--
-- Name: sitecore_sitesettings sitecore_sitesetting_password_image_id_0fded129_fk_sitecore_; Type: FK CONSTRAINT; Schema: public; Owner: productivity_lab
--

ALTER TABLE ONLY public.sitecore_sitesettings
    ADD CONSTRAINT sitecore_sitesetting_password_image_id_0fded129_fk_sitecore_ FOREIGN KEY (password_image_id) REFERENCES public.sitecore_siteimage(id) DEFERRABLE INITIALLY DEFERRED;


--
-- Name: sitecore_sitesettings sitecore_sitesettings_site_id_b11a22d2_fk_wagtailcore_site_id; Type: FK CONSTRAINT; Schema: public; Owner: productivity_lab
--

ALTER TABLE ONLY public.sitecore_sitesettings
    ADD CONSTRAINT sitecore_sitesettings_site_id_b11a22d2_fk_wagtailcore_site_id FOREIGN KEY (site_id) REFERENCES public.wagtailcore_site(id) DEFERRABLE INITIALLY DEFERRED;


--
-- Name: sitecore_sitetagindexpage sitecore_sitetaginde_sitepage_ptr_id_9bdb770c_fk_sitecore_; Type: FK CONSTRAINT; Schema: public; Owner: productivity_lab
--

ALTER TABLE ONLY public.sitecore_sitetagindexpage
    ADD CONSTRAINT sitecore_sitetaginde_sitepage_ptr_id_9bdb770c_fk_sitecore_ FOREIGN KEY (sitepage_ptr_id) REFERENCES public.sitecore_sitepage(page_ptr_id) DEFERRABLE INITIALLY DEFERRED;


--
-- Name: sitecore_textsnippettag sitecore_textsnippet_content_object_id_0b335b94_fk_sitecore_; Type: FK CONSTRAINT; Schema: public; Owner: productivity_lab
--

ALTER TABLE ONLY public.sitecore_textsnippettag
    ADD CONSTRAINT sitecore_textsnippet_content_object_id_0b335b94_fk_sitecore_ FOREIGN KEY (content_object_id) REFERENCES public.sitecore_textsnippet(id) DEFERRABLE INITIALLY DEFERRED;


--
-- Name: sitecore_textsnippettag sitecore_textsnippettag_tag_id_1edba755_fk_taggit_tag_id; Type: FK CONSTRAINT; Schema: public; Owner: productivity_lab
--

ALTER TABLE ONLY public.sitecore_textsnippettag
    ADD CONSTRAINT sitecore_textsnippettag_tag_id_1edba755_fk_taggit_tag_id FOREIGN KEY (tag_id) REFERENCES public.taggit_tag(id) DEFERRABLE INITIALLY DEFERRED;


--
-- Name: siteuser_user_groups siteuser_user_groups_group_id_acf6c00d_fk_auth_group_id; Type: FK CONSTRAINT; Schema: public; Owner: productivity_lab
--

ALTER TABLE ONLY public.siteuser_user_groups
    ADD CONSTRAINT siteuser_user_groups_group_id_acf6c00d_fk_auth_group_id FOREIGN KEY (group_id) REFERENCES public.auth_group(id) DEFERRABLE INITIALLY DEFERRED;


--
-- Name: siteuser_user_groups siteuser_user_groups_user_id_7f092307_fk_siteuser_user_id; Type: FK CONSTRAINT; Schema: public; Owner: productivity_lab
--

ALTER TABLE ONLY public.siteuser_user_groups
    ADD CONSTRAINT siteuser_user_groups_user_id_7f092307_fk_siteuser_user_id FOREIGN KEY (user_id) REFERENCES public.siteuser_user(id) DEFERRABLE INITIALLY DEFERRED;


--
-- Name: siteuser_user_user_permissions siteuser_user_user_p_permission_id_1fb4e6d5_fk_auth_perm; Type: FK CONSTRAINT; Schema: public; Owner: productivity_lab
--

ALTER TABLE ONLY public.siteuser_user_user_permissions
    ADD CONSTRAINT siteuser_user_user_p_permission_id_1fb4e6d5_fk_auth_perm FOREIGN KEY (permission_id) REFERENCES public.auth_permission(id) DEFERRABLE INITIALLY DEFERRED;


--
-- Name: siteuser_user_user_permissions siteuser_user_user_p_user_id_5232c25d_fk_siteuser_; Type: FK CONSTRAINT; Schema: public; Owner: productivity_lab
--

ALTER TABLE ONLY public.siteuser_user_user_permissions
    ADD CONSTRAINT siteuser_user_user_p_user_id_5232c25d_fk_siteuser_ FOREIGN KEY (user_id) REFERENCES public.siteuser_user(id) DEFERRABLE INITIALLY DEFERRED;


--
-- Name: taggit_taggeditem taggit_taggeditem_content_type_id_9957a03c_fk_django_co; Type: FK CONSTRAINT; Schema: public; Owner: productivity_lab
--

ALTER TABLE ONLY public.taggit_taggeditem
    ADD CONSTRAINT taggit_taggeditem_content_type_id_9957a03c_fk_django_co FOREIGN KEY (content_type_id) REFERENCES public.django_content_type(id) DEFERRABLE INITIALLY DEFERRED;


--
-- Name: taggit_taggeditem taggit_taggeditem_tag_id_f4f5b767_fk_taggit_tag_id; Type: FK CONSTRAINT; Schema: public; Owner: productivity_lab
--

ALTER TABLE ONLY public.taggit_taggeditem
    ADD CONSTRAINT taggit_taggeditem_tag_id_f4f5b767_fk_taggit_tag_id FOREIGN KEY (tag_id) REFERENCES public.taggit_tag(id) DEFERRABLE INITIALLY DEFERRED;


--
-- Name: wagtailcore_collectionviewrestriction wagtailcore_collecti_collection_id_761908ec_fk_wagtailco; Type: FK CONSTRAINT; Schema: public; Owner: productivity_lab
--

ALTER TABLE ONLY public.wagtailcore_collectionviewrestriction
    ADD CONSTRAINT wagtailcore_collecti_collection_id_761908ec_fk_wagtailco FOREIGN KEY (collection_id) REFERENCES public.wagtailcore_collection(id) DEFERRABLE INITIALLY DEFERRED;


--
-- Name: wagtailcore_collectionviewrestriction_groups wagtailcore_collecti_collectionviewrestri_47320efd_fk_wagtailco; Type: FK CONSTRAINT; Schema: public; Owner: productivity_lab
--

ALTER TABLE ONLY public.wagtailcore_collectionviewrestriction_groups
    ADD CONSTRAINT wagtailcore_collecti_collectionviewrestri_47320efd_fk_wagtailco FOREIGN KEY (collectionviewrestriction_id) REFERENCES public.wagtailcore_collectionviewrestriction(id) DEFERRABLE INITIALLY DEFERRED;


--
-- Name: wagtailcore_collectionviewrestriction_groups wagtailcore_collecti_group_id_1823f2a3_fk_auth_grou; Type: FK CONSTRAINT; Schema: public; Owner: productivity_lab
--

ALTER TABLE ONLY public.wagtailcore_collectionviewrestriction_groups
    ADD CONSTRAINT wagtailcore_collecti_group_id_1823f2a3_fk_auth_grou FOREIGN KEY (group_id) REFERENCES public.auth_group(id) DEFERRABLE INITIALLY DEFERRED;


--
-- Name: wagtailcore_comment wagtailcore_comment_page_id_108444b5_fk_wagtailcore_page_id; Type: FK CONSTRAINT; Schema: public; Owner: productivity_lab
--

ALTER TABLE ONLY public.wagtailcore_comment
    ADD CONSTRAINT wagtailcore_comment_page_id_108444b5_fk_wagtailcore_page_id FOREIGN KEY (page_id) REFERENCES public.wagtailcore_page(id) DEFERRABLE INITIALLY DEFERRED;


--
-- Name: wagtailcore_comment wagtailcore_comment_resolved_by_id_a282aa0e_fk_siteuser_user_id; Type: FK CONSTRAINT; Schema: public; Owner: productivity_lab
--

ALTER TABLE ONLY public.wagtailcore_comment
    ADD CONSTRAINT wagtailcore_comment_resolved_by_id_a282aa0e_fk_siteuser_user_id FOREIGN KEY (resolved_by_id) REFERENCES public.siteuser_user(id) DEFERRABLE INITIALLY DEFERRED;


--
-- Name: wagtailcore_comment wagtailcore_comment_revision_created_id_1d058279_fk_wagtailco; Type: FK CONSTRAINT; Schema: public; Owner: productivity_lab
--

ALTER TABLE ONLY public.wagtailcore_comment
    ADD CONSTRAINT wagtailcore_comment_revision_created_id_1d058279_fk_wagtailco FOREIGN KEY (revision_created_id) REFERENCES public.wagtailcore_revision(id) DEFERRABLE INITIALLY DEFERRED;


--
-- Name: wagtailcore_comment wagtailcore_comment_user_id_0c577ca6_fk_siteuser_user_id; Type: FK CONSTRAINT; Schema: public; Owner: productivity_lab
--

ALTER TABLE ONLY public.wagtailcore_comment
    ADD CONSTRAINT wagtailcore_comment_user_id_0c577ca6_fk_siteuser_user_id FOREIGN KEY (user_id) REFERENCES public.siteuser_user(id) DEFERRABLE INITIALLY DEFERRED;


--
-- Name: wagtailcore_commentreply wagtailcore_commentr_comment_id_afc7e027_fk_wagtailco; Type: FK CONSTRAINT; Schema: public; Owner: productivity_lab
--

ALTER TABLE ONLY public.wagtailcore_commentreply
    ADD CONSTRAINT wagtailcore_commentr_comment_id_afc7e027_fk_wagtailco FOREIGN KEY (comment_id) REFERENCES public.wagtailcore_comment(id) DEFERRABLE INITIALLY DEFERRED;


--
-- Name: wagtailcore_commentreply wagtailcore_commentreply_user_id_d0b3b9c3_fk_siteuser_user_id; Type: FK CONSTRAINT; Schema: public; Owner: productivity_lab
--

ALTER TABLE ONLY public.wagtailcore_commentreply
    ADD CONSTRAINT wagtailcore_commentreply_user_id_d0b3b9c3_fk_siteuser_user_id FOREIGN KEY (user_id) REFERENCES public.siteuser_user(id) DEFERRABLE INITIALLY DEFERRED;


--
-- Name: wagtailcore_groupapprovaltask_groups wagtailcore_groupapp_group_id_2e64b61f_fk_auth_grou; Type: FK CONSTRAINT; Schema: public; Owner: productivity_lab
--

ALTER TABLE ONLY public.wagtailcore_groupapprovaltask_groups
    ADD CONSTRAINT wagtailcore_groupapp_group_id_2e64b61f_fk_auth_grou FOREIGN KEY (group_id) REFERENCES public.auth_group(id) DEFERRABLE INITIALLY DEFERRED;


--
-- Name: wagtailcore_groupapprovaltask_groups wagtailcore_groupapp_groupapprovaltask_id_9a9255ea_fk_wagtailco; Type: FK CONSTRAINT; Schema: public; Owner: productivity_lab
--

ALTER TABLE ONLY public.wagtailcore_groupapprovaltask_groups
    ADD CONSTRAINT wagtailcore_groupapp_groupapprovaltask_id_9a9255ea_fk_wagtailco FOREIGN KEY (groupapprovaltask_id) REFERENCES public.wagtailcore_groupapprovaltask(task_ptr_id) DEFERRABLE INITIALLY DEFERRED;


--
-- Name: wagtailcore_groupapprovaltask wagtailcore_groupapp_task_ptr_id_cfe58781_fk_wagtailco; Type: FK CONSTRAINT; Schema: public; Owner: productivity_lab
--

ALTER TABLE ONLY public.wagtailcore_groupapprovaltask
    ADD CONSTRAINT wagtailcore_groupapp_task_ptr_id_cfe58781_fk_wagtailco FOREIGN KEY (task_ptr_id) REFERENCES public.wagtailcore_task(id) DEFERRABLE INITIALLY DEFERRED;


--
-- Name: wagtailcore_groupcollectionpermission wagtailcore_groupcol_collection_id_5423575a_fk_wagtailco; Type: FK CONSTRAINT; Schema: public; Owner: productivity_lab
--

ALTER TABLE ONLY public.wagtailcore_groupcollectionpermission
    ADD CONSTRAINT wagtailcore_groupcol_collection_id_5423575a_fk_wagtailco FOREIGN KEY (collection_id) REFERENCES public.wagtailcore_collection(id) DEFERRABLE INITIALLY DEFERRED;


--
-- Name: wagtailcore_groupcollectionpermission wagtailcore_groupcol_group_id_05d61460_fk_auth_grou; Type: FK CONSTRAINT; Schema: public; Owner: productivity_lab
--

ALTER TABLE ONLY public.wagtailcore_groupcollectionpermission
    ADD CONSTRAINT wagtailcore_groupcol_group_id_05d61460_fk_auth_grou FOREIGN KEY (group_id) REFERENCES public.auth_group(id) DEFERRABLE INITIALLY DEFERRED;


--
-- Name: wagtailcore_groupcollectionpermission wagtailcore_groupcol_permission_id_1b626275_fk_auth_perm; Type: FK CONSTRAINT; Schema: public; Owner: productivity_lab
--

ALTER TABLE ONLY public.wagtailcore_groupcollectionpermission
    ADD CONSTRAINT wagtailcore_groupcol_permission_id_1b626275_fk_auth_perm FOREIGN KEY (permission_id) REFERENCES public.auth_permission(id) DEFERRABLE INITIALLY DEFERRED;


--
-- Name: wagtailcore_grouppagepermission wagtailcore_grouppag_group_id_fc07e671_fk_auth_grou; Type: FK CONSTRAINT; Schema: public; Owner: productivity_lab
--

ALTER TABLE ONLY public.wagtailcore_grouppagepermission
    ADD CONSTRAINT wagtailcore_grouppag_group_id_fc07e671_fk_auth_grou FOREIGN KEY (group_id) REFERENCES public.auth_group(id) DEFERRABLE INITIALLY DEFERRED;


--
-- Name: wagtailcore_grouppagepermission wagtailcore_grouppag_page_id_710b114a_fk_wagtailco; Type: FK CONSTRAINT; Schema: public; Owner: productivity_lab
--

ALTER TABLE ONLY public.wagtailcore_grouppagepermission
    ADD CONSTRAINT wagtailcore_grouppag_page_id_710b114a_fk_wagtailco FOREIGN KEY (page_id) REFERENCES public.wagtailcore_page(id) DEFERRABLE INITIALLY DEFERRED;


--
-- Name: wagtailcore_grouppagepermission wagtailcore_grouppag_permission_id_05acb22e_fk_auth_perm; Type: FK CONSTRAINT; Schema: public; Owner: productivity_lab
--

ALTER TABLE ONLY public.wagtailcore_grouppagepermission
    ADD CONSTRAINT wagtailcore_grouppag_permission_id_05acb22e_fk_auth_perm FOREIGN KEY (permission_id) REFERENCES public.auth_permission(id) DEFERRABLE INITIALLY DEFERRED;


--
-- Name: wagtailcore_modellogentry wagtailcore_modellog_content_type_id_68849e77_fk_django_co; Type: FK CONSTRAINT; Schema: public; Owner: productivity_lab
--

ALTER TABLE ONLY public.wagtailcore_modellogentry
    ADD CONSTRAINT wagtailcore_modellog_content_type_id_68849e77_fk_django_co FOREIGN KEY (content_type_id) REFERENCES public.django_content_type(id) DEFERRABLE INITIALLY DEFERRED;


--
-- Name: wagtailcore_page wagtailcore_page_alias_of_id_12945502_fk_wagtailcore_page_id; Type: FK CONSTRAINT; Schema: public; Owner: productivity_lab
--

ALTER TABLE ONLY public.wagtailcore_page
    ADD CONSTRAINT wagtailcore_page_alias_of_id_12945502_fk_wagtailcore_page_id FOREIGN KEY (alias_of_id) REFERENCES public.wagtailcore_page(id) DEFERRABLE INITIALLY DEFERRED;


--
-- Name: wagtailcore_page wagtailcore_page_content_type_id_c28424df_fk_django_co; Type: FK CONSTRAINT; Schema: public; Owner: productivity_lab
--

ALTER TABLE ONLY public.wagtailcore_page
    ADD CONSTRAINT wagtailcore_page_content_type_id_c28424df_fk_django_co FOREIGN KEY (content_type_id) REFERENCES public.django_content_type(id) DEFERRABLE INITIALLY DEFERRED;


--
-- Name: wagtailcore_page wagtailcore_page_latest_revision_id_e60fef51_fk_wagtailco; Type: FK CONSTRAINT; Schema: public; Owner: productivity_lab
--

ALTER TABLE ONLY public.wagtailcore_page
    ADD CONSTRAINT wagtailcore_page_latest_revision_id_e60fef51_fk_wagtailco FOREIGN KEY (latest_revision_id) REFERENCES public.wagtailcore_revision(id) DEFERRABLE INITIALLY DEFERRED;


--
-- Name: wagtailcore_page wagtailcore_page_live_revision_id_930bd822_fk_wagtailco; Type: FK CONSTRAINT; Schema: public; Owner: productivity_lab
--

ALTER TABLE ONLY public.wagtailcore_page
    ADD CONSTRAINT wagtailcore_page_live_revision_id_930bd822_fk_wagtailco FOREIGN KEY (live_revision_id) REFERENCES public.wagtailcore_revision(id) DEFERRABLE INITIALLY DEFERRED;


--
-- Name: wagtailcore_page wagtailcore_page_locale_id_3c7e30a6_fk_wagtailcore_locale_id; Type: FK CONSTRAINT; Schema: public; Owner: productivity_lab
--

ALTER TABLE ONLY public.wagtailcore_page
    ADD CONSTRAINT wagtailcore_page_locale_id_3c7e30a6_fk_wagtailcore_locale_id FOREIGN KEY (locale_id) REFERENCES public.wagtailcore_locale(id) DEFERRABLE INITIALLY DEFERRED;


--
-- Name: wagtailcore_page wagtailcore_page_locked_by_id_bcb86245_fk_siteuser_user_id; Type: FK CONSTRAINT; Schema: public; Owner: productivity_lab
--

ALTER TABLE ONLY public.wagtailcore_page
    ADD CONSTRAINT wagtailcore_page_locked_by_id_bcb86245_fk_siteuser_user_id FOREIGN KEY (locked_by_id) REFERENCES public.siteuser_user(id) DEFERRABLE INITIALLY DEFERRED;


--
-- Name: wagtailcore_page wagtailcore_page_owner_id_fbf7c332_fk_siteuser_user_id; Type: FK CONSTRAINT; Schema: public; Owner: productivity_lab
--

ALTER TABLE ONLY public.wagtailcore_page
    ADD CONSTRAINT wagtailcore_page_owner_id_fbf7c332_fk_siteuser_user_id FOREIGN KEY (owner_id) REFERENCES public.siteuser_user(id) DEFERRABLE INITIALLY DEFERRED;


--
-- Name: wagtailcore_pagelogentry wagtailcore_pageloge_content_type_id_74e7708a_fk_django_co; Type: FK CONSTRAINT; Schema: public; Owner: productivity_lab
--

ALTER TABLE ONLY public.wagtailcore_pagelogentry
    ADD CONSTRAINT wagtailcore_pageloge_content_type_id_74e7708a_fk_django_co FOREIGN KEY (content_type_id) REFERENCES public.django_content_type(id) DEFERRABLE INITIALLY DEFERRED;


--
-- Name: wagtailcore_revision wagtailcore_pagerevision_user_id_2409d2f4_fk_siteuser_user_id; Type: FK CONSTRAINT; Schema: public; Owner: productivity_lab
--

ALTER TABLE ONLY public.wagtailcore_revision
    ADD CONSTRAINT wagtailcore_pagerevision_user_id_2409d2f4_fk_siteuser_user_id FOREIGN KEY (user_id) REFERENCES public.siteuser_user(id) DEFERRABLE INITIALLY DEFERRED;


--
-- Name: wagtailcore_pagesubscription wagtailcore_pagesubs_page_id_a085e7a6_fk_wagtailco; Type: FK CONSTRAINT; Schema: public; Owner: productivity_lab
--

ALTER TABLE ONLY public.wagtailcore_pagesubscription
    ADD CONSTRAINT wagtailcore_pagesubs_page_id_a085e7a6_fk_wagtailco FOREIGN KEY (page_id) REFERENCES public.wagtailcore_page(id) DEFERRABLE INITIALLY DEFERRED;


--
-- Name: wagtailcore_pagesubscription wagtailcore_pagesubs_user_id_89d7def9_fk_siteuser_; Type: FK CONSTRAINT; Schema: public; Owner: productivity_lab
--

ALTER TABLE ONLY public.wagtailcore_pagesubscription
    ADD CONSTRAINT wagtailcore_pagesubs_user_id_89d7def9_fk_siteuser_ FOREIGN KEY (user_id) REFERENCES public.siteuser_user(id) DEFERRABLE INITIALLY DEFERRED;


--
-- Name: wagtailcore_pageviewrestriction_groups wagtailcore_pageview_group_id_6460f223_fk_auth_grou; Type: FK CONSTRAINT; Schema: public; Owner: productivity_lab
--

ALTER TABLE ONLY public.wagtailcore_pageviewrestriction_groups
    ADD CONSTRAINT wagtailcore_pageview_group_id_6460f223_fk_auth_grou FOREIGN KEY (group_id) REFERENCES public.auth_group(id) DEFERRABLE INITIALLY DEFERRED;


--
-- Name: wagtailcore_pageviewrestriction wagtailcore_pageview_page_id_15a8bea6_fk_wagtailco; Type: FK CONSTRAINT; Schema: public; Owner: productivity_lab
--

ALTER TABLE ONLY public.wagtailcore_pageviewrestriction
    ADD CONSTRAINT wagtailcore_pageview_page_id_15a8bea6_fk_wagtailco FOREIGN KEY (page_id) REFERENCES public.wagtailcore_page(id) DEFERRABLE INITIALLY DEFERRED;


--
-- Name: wagtailcore_pageviewrestriction_groups wagtailcore_pageview_pageviewrestriction__f147a99a_fk_wagtailco; Type: FK CONSTRAINT; Schema: public; Owner: productivity_lab
--

ALTER TABLE ONLY public.wagtailcore_pageviewrestriction_groups
    ADD CONSTRAINT wagtailcore_pageview_pageviewrestriction__f147a99a_fk_wagtailco FOREIGN KEY (pageviewrestriction_id) REFERENCES public.wagtailcore_pageviewrestriction(id) DEFERRABLE INITIALLY DEFERRED;


--
-- Name: wagtailcore_referenceindex wagtailcore_referenc_base_content_type_id_313cf40f_fk_django_co; Type: FK CONSTRAINT; Schema: public; Owner: productivity_lab
--

ALTER TABLE ONLY public.wagtailcore_referenceindex
    ADD CONSTRAINT wagtailcore_referenc_base_content_type_id_313cf40f_fk_django_co FOREIGN KEY (base_content_type_id) REFERENCES public.django_content_type(id) DEFERRABLE INITIALLY DEFERRED;


--
-- Name: wagtailcore_referenceindex wagtailcore_referenc_content_type_id_766e0336_fk_django_co; Type: FK CONSTRAINT; Schema: public; Owner: productivity_lab
--

ALTER TABLE ONLY public.wagtailcore_referenceindex
    ADD CONSTRAINT wagtailcore_referenc_content_type_id_766e0336_fk_django_co FOREIGN KEY (content_type_id) REFERENCES public.django_content_type(id) DEFERRABLE INITIALLY DEFERRED;


--
-- Name: wagtailcore_referenceindex wagtailcore_referenc_to_content_type_id_93690bbd_fk_django_co; Type: FK CONSTRAINT; Schema: public; Owner: productivity_lab
--

ALTER TABLE ONLY public.wagtailcore_referenceindex
    ADD CONSTRAINT wagtailcore_referenc_to_content_type_id_93690bbd_fk_django_co FOREIGN KEY (to_content_type_id) REFERENCES public.django_content_type(id) DEFERRABLE INITIALLY DEFERRED;


--
-- Name: wagtailcore_revision wagtailcore_revision_base_content_type_id_5b4ef7bd_fk_django_co; Type: FK CONSTRAINT; Schema: public; Owner: productivity_lab
--

ALTER TABLE ONLY public.wagtailcore_revision
    ADD CONSTRAINT wagtailcore_revision_base_content_type_id_5b4ef7bd_fk_django_co FOREIGN KEY (base_content_type_id) REFERENCES public.django_content_type(id) DEFERRABLE INITIALLY DEFERRED;


--
-- Name: wagtailcore_revision wagtailcore_revision_content_type_id_c8cb69c0_fk_django_co; Type: FK CONSTRAINT; Schema: public; Owner: productivity_lab
--

ALTER TABLE ONLY public.wagtailcore_revision
    ADD CONSTRAINT wagtailcore_revision_content_type_id_c8cb69c0_fk_django_co FOREIGN KEY (content_type_id) REFERENCES public.django_content_type(id) DEFERRABLE INITIALLY DEFERRED;


--
-- Name: wagtailcore_site wagtailcore_site_root_page_id_e02fb95c_fk_wagtailcore_page_id; Type: FK CONSTRAINT; Schema: public; Owner: productivity_lab
--

ALTER TABLE ONLY public.wagtailcore_site
    ADD CONSTRAINT wagtailcore_site_root_page_id_e02fb95c_fk_wagtailcore_page_id FOREIGN KEY (root_page_id) REFERENCES public.wagtailcore_page(id) DEFERRABLE INITIALLY DEFERRED;


--
-- Name: wagtailcore_task wagtailcore_task_content_type_id_249ab8ba_fk_django_co; Type: FK CONSTRAINT; Schema: public; Owner: productivity_lab
--

ALTER TABLE ONLY public.wagtailcore_task
    ADD CONSTRAINT wagtailcore_task_content_type_id_249ab8ba_fk_django_co FOREIGN KEY (content_type_id) REFERENCES public.django_content_type(id) DEFERRABLE INITIALLY DEFERRED;


--
-- Name: wagtailcore_taskstate wagtailcore_taskstat_content_type_id_0a758fdc_fk_django_co; Type: FK CONSTRAINT; Schema: public; Owner: productivity_lab
--

ALTER TABLE ONLY public.wagtailcore_taskstate
    ADD CONSTRAINT wagtailcore_taskstat_content_type_id_0a758fdc_fk_django_co FOREIGN KEY (content_type_id) REFERENCES public.django_content_type(id) DEFERRABLE INITIALLY DEFERRED;


--
-- Name: wagtailcore_taskstate wagtailcore_taskstat_finished_by_id_13f98229_fk_siteuser_; Type: FK CONSTRAINT; Schema: public; Owner: productivity_lab
--

ALTER TABLE ONLY public.wagtailcore_taskstate
    ADD CONSTRAINT wagtailcore_taskstat_finished_by_id_13f98229_fk_siteuser_ FOREIGN KEY (finished_by_id) REFERENCES public.siteuser_user(id) DEFERRABLE INITIALLY DEFERRED;


--
-- Name: wagtailcore_taskstate wagtailcore_taskstat_revision_id_df25a499_fk_wagtailco; Type: FK CONSTRAINT; Schema: public; Owner: productivity_lab
--

ALTER TABLE ONLY public.wagtailcore_taskstate
    ADD CONSTRAINT wagtailcore_taskstat_revision_id_df25a499_fk_wagtailco FOREIGN KEY (revision_id) REFERENCES public.wagtailcore_revision(id) DEFERRABLE INITIALLY DEFERRED;


--
-- Name: wagtailcore_taskstate wagtailcore_taskstat_workflow_state_id_9239a775_fk_wagtailco; Type: FK CONSTRAINT; Schema: public; Owner: productivity_lab
--

ALTER TABLE ONLY public.wagtailcore_taskstate
    ADD CONSTRAINT wagtailcore_taskstat_workflow_state_id_9239a775_fk_wagtailco FOREIGN KEY (workflow_state_id) REFERENCES public.wagtailcore_workflowstate(id) DEFERRABLE INITIALLY DEFERRED;


--
-- Name: wagtailcore_taskstate wagtailcore_taskstate_task_id_c3677c34_fk_wagtailcore_task_id; Type: FK CONSTRAINT; Schema: public; Owner: productivity_lab
--

ALTER TABLE ONLY public.wagtailcore_taskstate
    ADD CONSTRAINT wagtailcore_taskstate_task_id_c3677c34_fk_wagtailcore_task_id FOREIGN KEY (task_id) REFERENCES public.wagtailcore_task(id) DEFERRABLE INITIALLY DEFERRED;


--
-- Name: wagtailcore_workflowstate wagtailcore_workflow_base_content_type_id_a30dc576_fk_django_co; Type: FK CONSTRAINT; Schema: public; Owner: productivity_lab
--

ALTER TABLE ONLY public.wagtailcore_workflowstate
    ADD CONSTRAINT wagtailcore_workflow_base_content_type_id_a30dc576_fk_django_co FOREIGN KEY (base_content_type_id) REFERENCES public.django_content_type(id) DEFERRABLE INITIALLY DEFERRED;


--
-- Name: wagtailcore_workflowstate wagtailcore_workflow_content_type_id_2bb78ce1_fk_django_co; Type: FK CONSTRAINT; Schema: public; Owner: productivity_lab
--

ALTER TABLE ONLY public.wagtailcore_workflowstate
    ADD CONSTRAINT wagtailcore_workflow_content_type_id_2bb78ce1_fk_django_co FOREIGN KEY (content_type_id) REFERENCES public.django_content_type(id) DEFERRABLE INITIALLY DEFERRED;


--
-- Name: wagtailcore_workflowcontenttype wagtailcore_workflow_content_type_id_b261bb37_fk_django_co; Type: FK CONSTRAINT; Schema: public; Owner: productivity_lab
--

ALTER TABLE ONLY public.wagtailcore_workflowcontenttype
    ADD CONSTRAINT wagtailcore_workflow_content_type_id_b261bb37_fk_django_co FOREIGN KEY (content_type_id) REFERENCES public.django_content_type(id) DEFERRABLE INITIALLY DEFERRED;


--
-- Name: wagtailcore_workflowstate wagtailcore_workflow_current_task_state_i_3a1a0632_fk_wagtailco; Type: FK CONSTRAINT; Schema: public; Owner: productivity_lab
--

ALTER TABLE ONLY public.wagtailcore_workflowstate
    ADD CONSTRAINT wagtailcore_workflow_current_task_state_i_3a1a0632_fk_wagtailco FOREIGN KEY (current_task_state_id) REFERENCES public.wagtailcore_taskstate(id) DEFERRABLE INITIALLY DEFERRED;


--
-- Name: wagtailcore_workflowpage wagtailcore_workflow_page_id_81e7bab6_fk_wagtailco; Type: FK CONSTRAINT; Schema: public; Owner: productivity_lab
--

ALTER TABLE ONLY public.wagtailcore_workflowpage
    ADD CONSTRAINT wagtailcore_workflow_page_id_81e7bab6_fk_wagtailco FOREIGN KEY (page_id) REFERENCES public.wagtailcore_page(id) DEFERRABLE INITIALLY DEFERRED;


--
-- Name: wagtailcore_workflowstate wagtailcore_workflow_requested_by_id_4090bca3_fk_siteuser_; Type: FK CONSTRAINT; Schema: public; Owner: productivity_lab
--

ALTER TABLE ONLY public.wagtailcore_workflowstate
    ADD CONSTRAINT wagtailcore_workflow_requested_by_id_4090bca3_fk_siteuser_ FOREIGN KEY (requested_by_id) REFERENCES public.siteuser_user(id) DEFERRABLE INITIALLY DEFERRED;


--
-- Name: wagtailcore_workflowtask wagtailcore_workflow_task_id_ce7716fe_fk_wagtailco; Type: FK CONSTRAINT; Schema: public; Owner: productivity_lab
--

ALTER TABLE ONLY public.wagtailcore_workflowtask
    ADD CONSTRAINT wagtailcore_workflow_task_id_ce7716fe_fk_wagtailco FOREIGN KEY (task_id) REFERENCES public.wagtailcore_task(id) DEFERRABLE INITIALLY DEFERRED;


--
-- Name: wagtailcore_workflowstate wagtailcore_workflow_workflow_id_1f18378f_fk_wagtailco; Type: FK CONSTRAINT; Schema: public; Owner: productivity_lab
--

ALTER TABLE ONLY public.wagtailcore_workflowstate
    ADD CONSTRAINT wagtailcore_workflow_workflow_id_1f18378f_fk_wagtailco FOREIGN KEY (workflow_id) REFERENCES public.wagtailcore_workflow(id) DEFERRABLE INITIALLY DEFERRED;


--
-- Name: wagtailcore_workflowpage wagtailcore_workflow_workflow_id_56f56ff6_fk_wagtailco; Type: FK CONSTRAINT; Schema: public; Owner: productivity_lab
--

ALTER TABLE ONLY public.wagtailcore_workflowpage
    ADD CONSTRAINT wagtailcore_workflow_workflow_id_56f56ff6_fk_wagtailco FOREIGN KEY (workflow_id) REFERENCES public.wagtailcore_workflow(id) DEFERRABLE INITIALLY DEFERRED;


--
-- Name: wagtailcore_workflowcontenttype wagtailcore_workflow_workflow_id_9aad7cd2_fk_wagtailco; Type: FK CONSTRAINT; Schema: public; Owner: productivity_lab
--

ALTER TABLE ONLY public.wagtailcore_workflowcontenttype
    ADD CONSTRAINT wagtailcore_workflow_workflow_id_9aad7cd2_fk_wagtailco FOREIGN KEY (workflow_id) REFERENCES public.wagtailcore_workflow(id) DEFERRABLE INITIALLY DEFERRED;


--
-- Name: wagtailcore_workflowtask wagtailcore_workflow_workflow_id_b9717175_fk_wagtailco; Type: FK CONSTRAINT; Schema: public; Owner: productivity_lab
--

ALTER TABLE ONLY public.wagtailcore_workflowtask
    ADD CONSTRAINT wagtailcore_workflow_workflow_id_b9717175_fk_wagtailco FOREIGN KEY (workflow_id) REFERENCES public.wagtailcore_workflow(id) DEFERRABLE INITIALLY DEFERRED;


--
-- Name: wagtaildocs_document wagtaildocs_document_collection_id_23881625_fk_wagtailco; Type: FK CONSTRAINT; Schema: public; Owner: productivity_lab
--

ALTER TABLE ONLY public.wagtaildocs_document
    ADD CONSTRAINT wagtaildocs_document_collection_id_23881625_fk_wagtailco FOREIGN KEY (collection_id) REFERENCES public.wagtailcore_collection(id) DEFERRABLE INITIALLY DEFERRED;


--
-- Name: wagtaildocs_document wagtaildocs_document_uploaded_by_user_id_17258b41_fk_siteuser_; Type: FK CONSTRAINT; Schema: public; Owner: productivity_lab
--

ALTER TABLE ONLY public.wagtaildocs_document
    ADD CONSTRAINT wagtaildocs_document_uploaded_by_user_id_17258b41_fk_siteuser_ FOREIGN KEY (uploaded_by_user_id) REFERENCES public.siteuser_user(id) DEFERRABLE INITIALLY DEFERRED;


--
-- Name: wagtaildocs_uploadeddocument wagtaildocs_uploaded_uploaded_by_user_id_8dd61a73_fk_siteuser_; Type: FK CONSTRAINT; Schema: public; Owner: productivity_lab
--

ALTER TABLE ONLY public.wagtaildocs_uploadeddocument
    ADD CONSTRAINT wagtaildocs_uploaded_uploaded_by_user_id_8dd61a73_fk_siteuser_ FOREIGN KEY (uploaded_by_user_id) REFERENCES public.siteuser_user(id) DEFERRABLE INITIALLY DEFERRED;


--
-- Name: wagtailforms_formsubmission wagtailforms_formsub_page_id_e48e93e7_fk_wagtailco; Type: FK CONSTRAINT; Schema: public; Owner: productivity_lab
--

ALTER TABLE ONLY public.wagtailforms_formsubmission
    ADD CONSTRAINT wagtailforms_formsub_page_id_e48e93e7_fk_wagtailco FOREIGN KEY (page_id) REFERENCES public.wagtailcore_page(id) DEFERRABLE INITIALLY DEFERRED;


--
-- Name: wagtailimages_image wagtailimages_image_collection_id_c2f8af7e_fk_wagtailco; Type: FK CONSTRAINT; Schema: public; Owner: productivity_lab
--

ALTER TABLE ONLY public.wagtailimages_image
    ADD CONSTRAINT wagtailimages_image_collection_id_c2f8af7e_fk_wagtailco FOREIGN KEY (collection_id) REFERENCES public.wagtailcore_collection(id) DEFERRABLE INITIALLY DEFERRED;


--
-- Name: wagtailimages_image wagtailimages_image_uploaded_by_user_id_5d73dc75_fk_siteuser_; Type: FK CONSTRAINT; Schema: public; Owner: productivity_lab
--

ALTER TABLE ONLY public.wagtailimages_image
    ADD CONSTRAINT wagtailimages_image_uploaded_by_user_id_5d73dc75_fk_siteuser_ FOREIGN KEY (uploaded_by_user_id) REFERENCES public.siteuser_user(id) DEFERRABLE INITIALLY DEFERRED;


--
-- Name: wagtailimages_rendition wagtailimages_rendit_image_id_3e1fd774_fk_wagtailim; Type: FK CONSTRAINT; Schema: public; Owner: productivity_lab
--

ALTER TABLE ONLY public.wagtailimages_rendition
    ADD CONSTRAINT wagtailimages_rendit_image_id_3e1fd774_fk_wagtailim FOREIGN KEY (image_id) REFERENCES public.wagtailimages_image(id) DEFERRABLE INITIALLY DEFERRED;


--
-- Name: wagtailimages_uploadedimage wagtailimages_upload_uploaded_by_user_id_85921689_fk_siteuser_; Type: FK CONSTRAINT; Schema: public; Owner: productivity_lab
--

ALTER TABLE ONLY public.wagtailimages_uploadedimage
    ADD CONSTRAINT wagtailimages_upload_uploaded_by_user_id_85921689_fk_siteuser_ FOREIGN KEY (uploaded_by_user_id) REFERENCES public.siteuser_user(id) DEFERRABLE INITIALLY DEFERRED;


--
-- Name: wagtailmedia_media wagtailmedia_media_collection_id_96a2317d_fk_wagtailco; Type: FK CONSTRAINT; Schema: public; Owner: productivity_lab
--

ALTER TABLE ONLY public.wagtailmedia_media
    ADD CONSTRAINT wagtailmedia_media_collection_id_96a2317d_fk_wagtailco FOREIGN KEY (collection_id) REFERENCES public.wagtailcore_collection(id) DEFERRABLE INITIALLY DEFERRED;


--
-- Name: wagtailmedia_media wagtailmedia_media_uploaded_by_user_id_96e8e61b_fk_siteuser_; Type: FK CONSTRAINT; Schema: public; Owner: productivity_lab
--

ALTER TABLE ONLY public.wagtailmedia_media
    ADD CONSTRAINT wagtailmedia_media_uploaded_by_user_id_96e8e61b_fk_siteuser_ FOREIGN KEY (uploaded_by_user_id) REFERENCES public.siteuser_user(id) DEFERRABLE INITIALLY DEFERRED;


--
-- Name: wagtailmenus_flatmenuitem wagtailmenus_flatmen_link_page_id_36779c0f_fk_wagtailco; Type: FK CONSTRAINT; Schema: public; Owner: productivity_lab
--

ALTER TABLE ONLY public.wagtailmenus_flatmenuitem
    ADD CONSTRAINT wagtailmenus_flatmen_link_page_id_36779c0f_fk_wagtailco FOREIGN KEY (link_page_id) REFERENCES public.wagtailcore_page(id) DEFERRABLE INITIALLY DEFERRED;


--
-- Name: wagtailmenus_flatmenu wagtailmenus_flatmenu_site_id_516a598d_fk_wagtailcore_site_id; Type: FK CONSTRAINT; Schema: public; Owner: productivity_lab
--

ALTER TABLE ONLY public.wagtailmenus_flatmenu
    ADD CONSTRAINT wagtailmenus_flatmenu_site_id_516a598d_fk_wagtailcore_site_id FOREIGN KEY (site_id) REFERENCES public.wagtailcore_site(id) DEFERRABLE INITIALLY DEFERRED;


--
-- Name: wagtailmenus_flatmenuitem wagtailmenus_flatmenuitem_menu_id_757c39da_fk; Type: FK CONSTRAINT; Schema: public; Owner: productivity_lab
--

ALTER TABLE ONLY public.wagtailmenus_flatmenuitem
    ADD CONSTRAINT wagtailmenus_flatmenuitem_menu_id_757c39da_fk FOREIGN KEY (menu_id) REFERENCES public.wagtailmenus_flatmenu(id) DEFERRABLE INITIALLY DEFERRED;


--
-- Name: wagtailmenus_mainmenuitem wagtailmenus_mainmen_link_page_id_208a4a4d_fk_wagtailco; Type: FK CONSTRAINT; Schema: public; Owner: productivity_lab
--

ALTER TABLE ONLY public.wagtailmenus_mainmenuitem
    ADD CONSTRAINT wagtailmenus_mainmen_link_page_id_208a4a4d_fk_wagtailco FOREIGN KEY (link_page_id) REFERENCES public.wagtailcore_page(id) DEFERRABLE INITIALLY DEFERRED;


--
-- Name: wagtailmenus_mainmenu wagtailmenus_mainmenu_site_id_84b0fde4_fk_wagtailcore_site_id; Type: FK CONSTRAINT; Schema: public; Owner: productivity_lab
--

ALTER TABLE ONLY public.wagtailmenus_mainmenu
    ADD CONSTRAINT wagtailmenus_mainmenu_site_id_84b0fde4_fk_wagtailcore_site_id FOREIGN KEY (site_id) REFERENCES public.wagtailcore_site(id) DEFERRABLE INITIALLY DEFERRED;


--
-- Name: wagtailmenus_mainmenuitem wagtailmenus_mainmenuitem_menu_id_6505d4c4_fk; Type: FK CONSTRAINT; Schema: public; Owner: productivity_lab
--

ALTER TABLE ONLY public.wagtailmenus_mainmenuitem
    ADD CONSTRAINT wagtailmenus_mainmenuitem_menu_id_6505d4c4_fk FOREIGN KEY (menu_id) REFERENCES public.wagtailmenus_mainmenu(id) DEFERRABLE INITIALLY DEFERRED;


--
-- Name: wagtailredirects_redirect wagtailredirects_red_redirect_page_id_b5728a8f_fk_wagtailco; Type: FK CONSTRAINT; Schema: public; Owner: productivity_lab
--

ALTER TABLE ONLY public.wagtailredirects_redirect
    ADD CONSTRAINT wagtailredirects_red_redirect_page_id_b5728a8f_fk_wagtailco FOREIGN KEY (redirect_page_id) REFERENCES public.wagtailcore_page(id) DEFERRABLE INITIALLY DEFERRED;


--
-- Name: wagtailredirects_redirect wagtailredirects_red_site_id_780a0e1e_fk_wagtailco; Type: FK CONSTRAINT; Schema: public; Owner: productivity_lab
--

ALTER TABLE ONLY public.wagtailredirects_redirect
    ADD CONSTRAINT wagtailredirects_red_site_id_780a0e1e_fk_wagtailco FOREIGN KEY (site_id) REFERENCES public.wagtailcore_site(id) DEFERRABLE INITIALLY DEFERRED;


--
-- Name: wagtailsearch_indexentry wagtailsearch_indexe_content_type_id_62ed694f_fk_django_co; Type: FK CONSTRAINT; Schema: public; Owner: productivity_lab
--

ALTER TABLE ONLY public.wagtailsearch_indexentry
    ADD CONSTRAINT wagtailsearch_indexe_content_type_id_62ed694f_fk_django_co FOREIGN KEY (content_type_id) REFERENCES public.django_content_type(id) DEFERRABLE INITIALLY DEFERRED;


--
-- Name: wagtailsearch_querydailyhits wagtailsearch_queryd_query_id_2185994b_fk_wagtailse; Type: FK CONSTRAINT; Schema: public; Owner: productivity_lab
--

ALTER TABLE ONLY public.wagtailsearch_querydailyhits
    ADD CONSTRAINT wagtailsearch_queryd_query_id_2185994b_fk_wagtailse FOREIGN KEY (query_id) REFERENCES public.wagtailsearch_query(id) DEFERRABLE INITIALLY DEFERRED;


--
-- Name: wagtailusers_userprofile wagtailusers_userprofile_user_id_59c92331_fk_siteuser_user_id; Type: FK CONSTRAINT; Schema: public; Owner: productivity_lab
--

ALTER TABLE ONLY public.wagtailusers_userprofile
    ADD CONSTRAINT wagtailusers_userprofile_user_id_59c92331_fk_siteuser_user_id FOREIGN KEY (user_id) REFERENCES public.siteuser_user(id) DEFERRABLE INITIALLY DEFERRED;


--
-- PostgreSQL database dump complete
--

